Publisher Name,URL,Brand Search Volume,Domain Type,Classifier-A1
CNN,cnn.com/,"20,400,000",Content Focused (CF),Major Publication (MP)
MSN,msn.com/,"13,600,000",Content Focused (CF),Major Publication (MP)
Huffington Post,huffingtonpost.com/,"2,740,000",Content Focused (CF),Major Publication (MP)
Yahoo! News,yahoo.com/,"2,740,000",Content Focused (CF),Major Publication (MP)
People,people.com/,"2,740,000",Content Focused (CF),Major Publication (MP)
USA Today,usatoday.com/,"1,830,000",Content Focused (CF),Major Publication (MP)
CNBC,cnbc.com/,"1,830,000",Content Focused (CF),Major Publication (MP)
NY Post,nypost.com/,"1,830,000",Content Focused (CF),Major Publication (MP)
NBC News,nbc.com/,"1,830,000",Content Focused (CF),Major Publication (MP)
MSNBC,msnbc.com/,"1,830,000",Content Focused (CF),Major Publication (MP)
ABC News,abcnews.com/,"1,830,000",Content Focused (CF),Major Publication (MP)
BBC,bbc.com/,"1,500,000",Content Focused (CF),Major Publication (MP)
BuzzFeed,buzzfeed.com/,"1,500,000",Content Focused (CF),Major Publication (MP)
CBS News,cbs.com/,"1,220,000",Content Focused (CF),Major Publication (MP)
NPR,npr.org/,"823,000",Content Focused (CF),Major Publication (MP)
WebMD,webmd.com/,"823,000",Content Focused (CF),Major Publication (MP)
NY Daily News,nydailynews.com/,"823,000",Content Focused (CF),Major Publication (MP)
Bloomberg,bloomberg.com/,"673,000",Content Focused (CF),Major Publication (MP)
Food Network,foodnetwork.com/,"673,000",Content Focused (CF),Major Publication (MP)
The Guardian,theguardian.com/,"550,000",Content Focused (CF),Major Publication (MP)
Reuters,reuters.com/,"550,000",Content Focused (CF),Major Publication (MP)
Marketplace,marketplace.org/,"550,000",Content Focused (CF),Major Publication (MP)
WSJ,wsj.com/,"450,000",Content Focused (CF),Major Publication (MP)
Slate,slate.com/,"450,000",Content Focused (CF),Major Publication (MP)
Boston,boston.com/,"450,000",Content Focused (CF),Major Publication (MP)
US Magazine,usmagazine.com/,"450,000",Content Focused (CF),Major Publication (MP)
LA Times,latimes.com/,"368,000",Content Focused (CF),Major Publication (MP)
The Atlantic,theatlantic.com/,"368,000",Content Focused (CF),Major Publication (MP)
CNN Money,money.cnn.com/,"368,000",Content Focused (CF),Major Publication (MP)
Chicago Tribune,chicagotribune.com/,"368,000",Content Focused (CF),Major Publication (MP)
Entrepreneur,entrepreneur.com/,"368,000",Content Focused (CF),Major Publication (MP)
Seattle Times,seattletimes.com/,"368,000",Content Focused (CF),Major Publication (MP)
AARP,aarp.org/,"368,000",Content Focused (CF),Major Publication (MP)
Nasdaq,nasdaq.com/,"368,000",Content Focused (CF),Major Publication (MP)
Vox,vox.com/,"301,000",Content Focused (CF),Major Publication (MP)
US News,usnews.com/,"301,000",Content Focused (CF),Major Publication (MP)
Vice,vice.com/,"301,000",Content Focused (CF),Major Publication (MP)
Psychology Today,psychologytoday.com/,"301,000",Content Focused (CF),Major Publication (MP)
Salon,salon.com/,"301,000",Content Focused (CF),Major Publication (MP)
Boston Globe,bostonglobe.com/,"301,000",Content Focused (CF),Major Publication (MP)
Cosmopolitan,cosmopolitan.com/,"301,000",Content Focused (CF),Major Publication (MP)
National Geographic,nationalgeographic.com/,"246,000",Content Focused (CF),Major Publication (MP)
National Review,nationalreview.com/,"246,000",Content Focused (CF),Major Publication (MP)
Bon Appetit,bonappetit.com/,"246,000",Content Focused (CF),Major Publication (MP)
Good Morning America,goodmorningamerica.com/,"246,000",Content Focused (CF),Major Publication (MP)
Boat Trader,boattrader.com/,"246,000",Content Focused (CF),Major Publication (MP)
National Geographic,traveler.nationalgeographic.com/,"246,000",Content Focused (CF),Major Publication (MP)
The New York Times,nytimes.com/,"201,000",Content Focused (CF),Major Publication (MP)
CNET,cnet.com/,"201,000",Content Focused (CF),Major Publication (MP)
Today,today.com/,"201,000",Content Focused (CF),Major Publication (MP)
Martha Stewart,marthastewart.com/,"201,000",Content Focused (CF),Major Publication (MP)
Romper,romper.com/,"201,000",Content Focused (CF),Major Publication (MP)
Business Insider,businessinsider.com/,"165,000",Content Focused (CF),Major Publication (MP)
The Daily Beast,thedailybeast.com/,"165,000",Content Focused (CF),Major Publication (MP)
Shape,shape.com/,"165,000",Content Focused (CF),Major Publication (MP)
Forbes,forbes.com/,"135,000",Content Focused (CF),Major Publication (MP)
The Washington Post,washingtonpost.com/,"135,000",Content Focused (CF),Major Publication (MP)
The Verge,theverge.com/,"135,000",Content Focused (CF),Major Publication (MP)
Vanity Fair,vanityfair.com/,"135,000",Content Focused (CF),Major Publication (MP)
Mother Jones,motherjones.com/,"135,000",Content Focused (CF),Major Publication (MP)
Seeking Alpha,seekingalpha.com/,"135,000",Content Focused (CF),Major Publication (MP)
Fox Business,foxbusiness.com/,"135,000",Content Focused (CF),Major Publication (MP)
Men’s Health,menshealth.com/,"135,000",Content Focused (CF),Major Publication (MP)
Car and Driver,caranddriver.com/,"135,000",Content Focused (CF),Major Publication (MP)
Essence,essence.com/,"135,000",Content Focused (CF),Major Publication (MP)
Ebony,ebony.com/,"135,000",Content Focused (CF),Major Publication (MP)
Jezebel,https://jezebel.com/,"135,000",Content Focused (CF),Major Publication (MP)
Gizmodo,gizmodo.com/,"110,000",Content Focused (CF),Major Publication (MP)
Quartz,qz.com/,"110,000",Content Focused (CF),Major Publication (MP)
Philly,philly.com/,"110,000",Content Focused (CF),Major Publication (MP)
Associated Press,apnews.com/,"110,000",Content Focused (CF),Major Publication (MP)
Refinery29,refinery29.com/,"110,000",Content Focused (CF),Major Publication (MP)
GQ,gq.com/,"110,000",Content Focused (CF),Major Publication (MP)
More,more.com/,"110,000",Content Focused (CF),Major Publication (MP)
Porch,porch.com/,"110,000",Content Focused (CF),Major Publication (MP)
Time Magazine,time.com/,"90,500",Content Focused (CF),Major Publication (MP)
The Economist,economist.com/,"90,500",Content Focused (CF),Major Publication (MP)
Engadget,engadget.com/,"90,500",Content Focused (CF),Major Publication (MP)
Newsweek,newsweek.com,"90,500",Content Focused (CF),Major Publication (MP)
Investopedia,investopedia.com/,"90,500",Content Focused (CF),Major Publication (MP)
Esquire,esquire.com/,"90,500",Content Focused (CF),Major Publication (MP)
Women’s Health,womenshealthmag.com/,"90,500",Content Focused (CF),Major Publication (MP)
Seventeen,seventeen.com/,"90,500",Content Focused (CF),Major Publication (MP)
TechCrunch,techcrunch.com/,"74,000",Content Focused (CF),Major Publication (MP)
Chron,chron.com/,"74,000",Content Focused (CF),Major Publication (MP)
Taste of Home,tasteofhome.com/,"74,000",Content Focused (CF),Major Publication (MP)
Dwell,dwell.com/,"74,000",Content Focused (CF),Major Publication (MP)
Hemmings,hemmings.com/,"74,000",Content Focused (CF),Major Publication (MP)
Wired,wired.com/,"60,500",Content Focused (CF),Major Publication (MP)
Financial Times,ft.com/,"60,500",Content Focused (CF),Major Publication (MP)
Adage,adage.com/,"60,500",Content Focused (CF),Major Publication (MP)
Barron’s,barrons.com/,"60,500",Content Focused (CF),Major Publication (MP)
MIC,mic.com/,"60,500",Content Focused (CF),Major Publication (MP)
This Old House,thisoldhouse.com/,"60,500",Content Focused (CF),Major Publication (MP)
Fortune,fortune.com/,"49,500",Content Focused (CF),Major Publication (MP)
Harvard Business Review,hbr.org/,"49,500",Content Focused (CF),Major Publication (MP)
Mercury News,mercurynews.com/,"49,500",Content Focused (CF),Major Publication (MP)
Elle,elle.com/,"49,500",Content Focused (CF),Major Publication (MP)
Bustle,bustle.com/,"49,500",Content Focused (CF),Major Publication (MP)
Motor Trend,motortrend.com/,"49,500",Content Focused (CF),Major Publication (MP)
Mandatory,mandatory.com,"49,500",Content Focused (CF),Major Publication (MP)
Nylon,nylon.com/,"49,500",Content Focused (CF),Major Publication (MP)
Flipboard,flipboard.com/,"40,500",Content Focused (CF),Major Publication (MP)
The Week,theweek.com/,"40,500",Content Focused (CF),Major Publication (MP)
San Francisco Chronicle,sfchronicle.com/,"40,500",Content Focused (CF),Major Publication (MP)
Parents,parents.com/,"40,500",Content Focused (CF),Major Publication (MP)
Parade,parade.com,"40,500",Content Focused (CF),Major Publication (MP)
Financial Planning,financial-planning.com/,"40,500",Content Focused (CF),Major Publication (MP)
The Week,https://theweek.com/,"40,500",Content Focused (CF),Major Publication (MP)
Fool,fool.com/,"33,100",Content Focused (CF),Major Publication (MP)
Popular Mechanics,popularmechanics.com/,"33,100",Content Focused (CF),Major Publication (MP)
Glamour,glamour.com/,"33,100",Content Focused (CF),Major Publication (MP)
KQED,kqed.org/,"33,100",Content Focused (CF),Major Publication (MP)
Thrillist,thrillist.com/,"33,100",Content Focused (CF),Major Publication (MP)
CIO,cio.com/,"33,100",Content Focused (CF),Major Publication (MP)
Runners World,runnersworld.com/,"33,100",Content Focused (CF),Major Publication (MP)
Architectural Digest,architecturaldigest.com/,"33,100",Content Focused (CF),Major Publication (MP)
Fee,fee.org/,"33,100",Content Focused (CF),Major Publication (MP)
The Nest,thenest.com/,"33,100",Content Focused (CF),Major Publication (MP)
New Republic,https://newrepublic.com/,"33,100",Content Focused (CF),Major Publication (MP)
Mashable,mashable.com/,"27,100",Content Focused (CF),Major Publication (MP)
Fast Company,fastcompany.com/,"27,100",Content Focused (CF),Major Publication (MP)
NY Mag,nymag.com/,"27,100",Content Focused (CF),Major Publication (MP)
Mental Floss,mentalfloss.com/,"27,100",Content Focused (CF),Major Publication (MP)
Food and Wine,foodandwine.com/,"27,100",Content Focused (CF),Major Publication (MP)
InStyle,instyle.com/,"27,100",Content Focused (CF),Major Publication (MP)
Southern Living,southernliving.com/,"27,100",Content Focused (CF),Major Publication (MP)
Redbook,redbookmag.com/,"27,100",Content Focused (CF),Major Publication (MP)
Wealth Management,wealthmanagement.com/,"27,100",Content Focused (CF),Major Publication (MP)
Worth,worth.com/,"27,100",Content Focused (CF),Major Publication (MP)
New England Journal of Medicine,nejm.org/,"22,200",Content Focused (CF),Major Publication (MP)
Real Simple,realsimple.com/,"22,200",Content Focused (CF),Major Publication (MP)
Christian Post,christianpost.com/,"22,200",Content Focused (CF),Major Publication (MP)
Teen Vogue,teenvogue.com/,"22,200",Content Focused (CF),Major Publication (MP)
Conde Nast Traveler,cntraveler.com/,"22,200",Content Focused (CF),Major Publication (MP)
Marie Claire,marieclaire.com/,"22,200",Content Focused (CF),Major Publication (MP)
Eating Well,eatingwell.com/,"22,200",Content Focused (CF),Major Publication (MP)
Road and Track,roadandtrack.com/,"22,200",Content Focused (CF),Major Publication (MP)
Boing Boing,https://boingboing.net/,"22,200",Content Focused (CF),Major Publication (MP)
Uproxx,https://uproxx.com/,"22,200",Content Focused (CF),Major Publication (MP)
Healthline,healthline.com/,"18,100",Content Focused (CF),Major Publication (MP)
Travel and Leisure,travelandleisure.com/,"18,100",Content Focused (CF),Major Publication (MP)
Android Police,androidpolice.com/,"18,100",Content Focused (CF),Major Publication (MP)
Kiplinger,kiplinger.com/,"18,100",Content Focused (CF),Major Publication (MP)
Cooking Light,cookinglight.com/,"18,100",Content Focused (CF),Major Publication (MP)
Muscle and Fitness,muscleandfitness.com/,"18,100",Content Focused (CF),Major Publication (MP)
Elliott,elliott.org/,"18,100",Content Focused (CF),Major Publication (MP)
Android Central,androidcentral.com/,"14,800",Content Focused (CF),Major Publication (MP)
Country Living,countryliving.com/,"14,800",Content Focused (CF),Major Publication (MP)
Elite Daily,elitedaily.com/,"14,800",Content Focused (CF),Major Publication (MP)
Elle Decor,elledecor.com/,"14,800",Content Focused (CF),Major Publication (MP)
Family Handyman,familyhandyman.com/,"14,800",Content Focused (CF),Major Publication (MP)
Cycle World,cycleworld.com/,"14,800",Content Focused (CF),Major Publication (MP)
ZDNet,zdnet.com/,"12,100",Content Focused (CF),Major Publication (MP)
Recode,recode.net/,"12,100",Content Focused (CF),Major Publication (MP)
Askmen,askmen.com/,"12,100",Content Focused (CF),Major Publication (MP)
The Drum,thedrum.com/,"12,100",Content Focused (CF),Major Publication (MP)
Little Things,littlethings.com/,"12,100",Content Focused (CF),Major Publication (MP)
Robb Report,robbreport.com/,"12,100",Content Focused (CF),Major Publication (MP)
Afar,afar.com/,"12,100",Content Focused (CF),Major Publication (MP)
NBR,nbr.com/,"12,100",Content Focused (CF),Major Publication (MP)
Business Wire,businesswire.com/,"9,900",Content Focused (CF),Major Publication (MP)
Business Week,businessweek.com/,"9,900",Content Focused (CF),Major Publication (MP)
Medical News Today,medicalnewstoday.com/,"9,900",Content Focused (CF),Major Publication (MP)
Benzinga,benzinga.com/,"9,900",Content Focused (CF),Major Publication (MP)
Your Tango,yourtango.com/,"9,900",Content Focused (CF),Major Publication (MP)
Town and Country Magazine,townandcountrymag.com/,"9,900",Content Focused (CF),Major Publication (MP)
Well and Good,wellandgood.com/,"9,900",Content Focused (CF),Major Publication (MP)
BMJ,bmj.com/,"8,100",Content Focused (CF),Major Publication (MP)
Prevention Magazine,prevention.com/,"8,100",Content Focused (CF),Major Publication (MP)
Men’s Journal,mensjournal.com/,"8,100",Content Focused (CF),Major Publication (MP)
Hello Giggles,hellogiggles.com,"8,100",Content Focused (CF),Major Publication (MP)
Saveur,saveur.com/,"8,100",Content Focused (CF),Major Publication (MP)
Relevant Magazine,relevantmagazine.com/,"8,100",Content Focused (CF),Major Publication (MP)
VentureBeat,venturebeat.com/,"6,600",Content Focused (CF),Major Publication (MP)
The Lancet,thelancet.com/,"6,600",Content Focused (CF),Major Publication (MP)
Style Me Pretty,stylemepretty.com/,"6,600",Content Focused (CF),Major Publication (MP)
Her Campus,hercampus.com/,"6,600",Content Focused (CF),Major Publication (MP)
Ozy,ozy.com/,"6,600",Content Focused (CF),Major Publication (MP)
PureWow,purewow.com/,"6,600",Content Focused (CF),Major Publication (MP)
Fatherly,fatherly.com/,"6,600",Content Focused (CF),Major Publication (MP)
Gurl,gurl.com/,"6,600",Content Focused (CF),Major Publication (MP)
She Said,shesaid.com/,"6,600",Content Focused (CF),Major Publication (MP)
Digiday,https://digiday.com/,"6,600",Content Focused (CF),Major Publication (MP)
Broadway World,broadwayworld.com/,"5,400",Content Focused (CF),Major Publication (MP)
Big Think,bigthink.com/,"5,400",Content Focused (CF),Major Publication (MP)
Annals of Internal Medicine,annals.org/,"5,400",Content Focused (CF),Major Publication (MP)
Woman’s Day,womansday.com/,"5,400",Content Focused (CF),Major Publication (MP)
Health Affairs,healthaffairs.org/,"5,400",Content Focused (CF),Major Publication (MP)
Martha Stewart Weddings,marthastewartweddings.com/,"5,400",Content Focused (CF),Major Publication (MP)
Frommers,frommers.com/,"5,400",Content Focused (CF),Major Publication (MP)
American Banker,americanbanker.com/,"5,400",Content Focused (CF),Major Publication (MP)
Coastal Living,coastalliving.com/,"5,400",Content Focused (CF),Major Publication (MP)
Birds and Blooms,birdsandblooms.com/,"5,400",Content Focused (CF),Major Publication (MP)
Travel Noire,travelnoire.com/,"5,400",Content Focused (CF),Major Publication (MP)
Dzone,https://dzone.com/,"5,400",Content Focused (CF),Major Publication (MP)
She Knows,sheknows.com/,"4,400",Content Focused (CF),Major Publication (MP)
ReadWrite,readwrite.com/,"4,400",Content Focused (CF),Major Publication (MP)
Fitness Magazine,fitnessmagazine.com/,"4,400",Content Focused (CF),Major Publication (MP)
Truck Trend,trucktrend.com/,"4,400",Content Focused (CF),Major Publication (MP)
Budget Travel,budgettravel.com/,"4,400",Content Focused (CF),Major Publication (MP)
Psych Central,https://psychcentral.com/,"4,400",Content Focused (CF),Major Publication (MP)
The Hacker News,https://thehackernews.com/,"4,400",Content Focused (CF),Major Publication (MP)
Cheddar TV,cheddar.com/,"3,600",Content Focused (CF),Major Publication (MP)
Travel Weekly,travelweekly.com/,"3,600",Content Focused (CF),Major Publication (MP)
International Living,internationalliving.com/,"3,600",Content Focused (CF),Major Publication (MP)
Adventure Journal,adventure-journal.com/,"3,600",Content Focused (CF),Major Publication (MP)
Racer Magazine,racer.com/,"3,600",Content Focused (CF),Major Publication (MP)
Car Craft,carcraft.com/,"3,600",Content Focused (CF),Major Publication (MP)
Dirt Bike Magazine,dirtbikemagazine.com/,"3,600",Content Focused (CF),Major Publication (MP)
DIY Ideas,diyideas.com/,"3,600",Content Focused (CF),Major Publication (MP)
Success Magazine,successmagazine.com/,"3,600",Content Focused (CF),Major Publication (MP)
Daily Dot,dailydot.com/,"2,900",Content Focused (CF),Major Publication (MP)
Working Mother,workingmother.com/,"2,900",Content Focused (CF),Major Publication (MP)
Accounting Today,accountingtoday.com/,"2,900",Content Focused (CF),Major Publication (MP)
House and Home,houseandhome.com/,"2,900",Content Focused (CF),Major Publication (MP)
The Next Web,thenextweb.com/,"2,400",Content Focused (CF),Major Publication (MP)
Greatist,greatist.com/,"2,400",Content Focused (CF),Major Publication (MP)
Everyday Feminism,everydayfeminism.com/,"2,400",Content Focused (CF),Major Publication (MP)
Additude Magazine,additudemag.com/,"2,400",Content Focused (CF),Major Publication (MP)
Retro Renovation,retrorenovation.com/,"2,400",Content Focused (CF),Major Publication (MP)
Clean Eating Magazine,cleaneatingmag.com/,"2,400",Content Focused (CF),Major Publication (MP)
Feast Magazine,feastmagazine.com/,"2,400",Content Focused (CF),Major Publication (MP)
RV Life,rvlife.com/,"2,400",Content Focused (CF),Major Publication (MP)
Technology Review,technologyreview.com/,"1,900",Content Focused (CF),Major Publication (MP)
Matador Network,matadornetwork.com/,"1,900",Content Focused (CF),Major Publication (MP)
Next Avenue,nextavenue.org/,"1,900",Content Focused (CF),Major Publication (MP)
First Round,firstround.com/,"1,900",Content Focused (CF),Major Publication (MP)
Lucky Peach,luckypeach.com/,"1,900",Content Focused (CF),Major Publication (MP)
Ride Magazine,ridermagazine.com/,"1,900",Content Focused (CF),Major Publication (MP)
Food and Nutrition,foodandnutrition.org/,"1,900",Content Focused (CF),Major Publication (MP)
Thought Co,thoughtco.com/,"1,600",Content Focused (CF),Major Publication (MP)
Digital Journal,digitaljournal.com/,"1,600",Content Focused (CF),Major Publication (MP)
The Cheat Sheet,cheatsheet.com/,"1,600",Content Focused (CF),Major Publication (MP)
Mayo Clinic Proceedings,mayoclinicproceedings.org/,"1,600",Content Focused (CF),Major Publication (MP)
After Ellen,afterellen.com/,"1,600",Content Focused (CF),Major Publication (MP)
Super Chevy,superchevy.com/,"1,600",Content Focused (CF),Major Publication (MP)
Sail Magazine,sailmagazine.com/,"1,600",Content Focused (CF),Major Publication (MP)
First for Women,firstforwomen.com/,"1,600",Content Focused (CF),Major Publication (MP)
Medical Xpress,https://medicalxpress.com/,"1,600",Content Focused (CF),Major Publication (MP)
Mother Nature Network,mnn.com/,"1,300",Content Focused (CF),Major Publication (MP)
Tech Republic,techrepublic.com/,"1,300",Content Focused (CF),Major Publication (MP)
Business News Daily,businessnewsdaily.com/,"1,300",Content Focused (CF),Major Publication (MP)
Black Enterprise Magazine,blackenterprise.com/,"1,300",Content Focused (CF),Major Publication (MP)
ThinkAdvisor,thinkadvisor.com/,"1,300",Content Focused (CF),Major Publication (MP)
Travel Pulse,travelpulse.com/,"1,300",Content Focused (CF),Major Publication (MP)
American Journal of Preventive Medicine,ajpmonline.org/,"1,300",Content Focused (CF),Major Publication (MP)
Financial Advisor Magazine,fa-mag.com/,"1,300",Content Focused (CF),Major Publication (MP)
National Real Estate Investor,nreionline.com/,"1,300",Content Focused (CF),Major Publication (MP)
The Mortgage Reports,themortgagereports.com/,"1,300",Content Focused (CF),Major Publication (MP)
Foundr,foundr.com/,"1,300",Content Focused (CF),Major Publication (MP)
JP Magazine,jpmagazine.com/,"1,300",Content Focused (CF),Major Publication (MP)
Auto Week,autoweek.com/,"1,000",Content Focused (CF),Major Publication (MP)
Xconomy,xconomy.com/,"1,000",Content Focused (CF),Major Publication (MP)
Americas Quarterly,americasquarterly.org/,"1,000",Content Focused (CF),Major Publication (MP)
Empr,empr.com/,"1,000",Content Focused (CF),Major Publication (MP)
Roads and Kingdoms,roadsandkingdoms.com/,"1,000",Content Focused (CF),Major Publication (MP)
Dirt rider,dirtrider.com/,"1,000",Content Focused (CF),Major Publication (MP)
Journal of Light Construction,jlconline.com/,"1,000",Content Focused (CF),Major Publication (MP)
Diabetes Forecast,diabetesforecast.org/,"1,000",Content Focused (CF),Major Publication (MP)
New Parents,newparent.com/,"1,000",Content Focused (CF),Major Publication (MP)
Southern Bride,southernbride.com/,"1,000",Content Focused (CF),Major Publication (MP)
National Mortgage News,nationalmortgagenews.com/,880,Content Focused (CF),Major Publication (MP)
Health Data Management,healthdatamanagement.com/,880,Content Focused (CF),Major Publication (MP)
Boat International,boatinternational.com/,880,Content Focused (CF),Major Publication (MP)
Cruising World,cruisingworld.com/,880,Content Focused (CF),Major Publication (MP)
Franchise Times,franchisetimes.com/,880,Content Focused (CF),Major Publication (MP)
Yachting Magazine,yachtingmagazine.com/,880,Content Focused (CF),Major Publication (MP)
Oil and Gas Investor,oilandgasinvestor.com/,880,Content Focused (CF),Major Publication (MP)
Metro US,metro.us/,720,Content Focused (CF),Major Publication (MP)
Bridal Guide,bridalguide.com/,720,Content Focused (CF),Major Publication (MP)
Four Wheeler Magazine,fourwheeler.com/,720,Content Focused (CF),Major Publication (MP)
BizTech,biztechmagazine.com/,720,Content Focused (CF),Major Publication (MP)
Old House Journal,oldhousejournal.com/,720,Content Focused (CF),Major Publication (MP)
The Harris Poll,theharrispoll.com/,590,Content Focused (CF),Major Publication (MP)
Mustang Monthly,mustangmonthly.com/,590,Content Focused (CF),Major Publication (MP)
Autism Parenting Magazine,autismparentingmagazine.com/,590,Content Focused (CF),Major Publication (MP)
AI Magazine,aimag.com/,590,Content Focused (CF),Major Publication (MP)
Bank Director,bankdirector.com/,590,Content Focused (CF),Major Publication (MP)
Blasting News,blastingnews.com/,480,Content Focused (CF),Major Publication (MP)
Realty Times,realtytimes.com/,480,Content Focused (CF),Major Publication (MP)
Inside Weddings,insideweddings.com/,480,Content Focused (CF),Major Publication (MP)
Old Cars Weekly,oldcarsweekly.com/,480,Content Focused (CF),Major Publication (MP)
This is Insider,thisisinsider.com/,390,Content Focused (CF),Major Publication (MP)
IT World,itworld.com/,390,Content Focused (CF),Major Publication (MP)
Finance Magnates,financemagnates.com/,390,Content Focused (CF),Major Publication (MP)
Insurance News Net,insurancenewsnet.com/,390,Content Focused (CF),Major Publication (MP)
Oxford Journals,oxfordjournals.org/,390,Content Focused (CF),Major Publication (MP)
Quick and Dirty Tips,quickanddirtytips.com/,320,Content Focused (CF),Major Publication (MP)
The Fiscal Times,thefiscaltimes.com/,320,Content Focused (CF),Major Publication (MP)
Overdrive Online,overdriveonline.com/,320,Content Focused (CF),Major Publication (MP)
Mopar Muscle Magazine,moparmusclemagazine.com/,320,Content Focused (CF),Major Publication (MP)
Professional Mariner,professionalmariner.com/,320,Content Focused (CF),Major Publication (MP)
Conscious Lifestyle Magazine,consciouslifestylemag.com/,260,Content Focused (CF),Major Publication (MP)
OnWallStreet,onwallstreet.financial-planning.com/,260,Content Focused (CF),Major Publication (MP)
Ocean Home Magazine,oceanhomemag.com/,260,Content Focused (CF),Major Publication (MP)
Motor Trader,motortrader.com/,260,Content Focused (CF),Major Publication (MP)
Dirt Wheels Magazine,dirtwheelsmag.com/,260,Content Focused (CF),Major Publication (MP)
The Balance Everyday,thebalanceeveryday.com/,210,Content Focused (CF),Major Publication (MP)
Both Sides of the Table,bothsidesofthetable.com/,210,Content Focused (CF),Major Publication (MP)
Cool Mom Tech,coolmomtech.com/,210,Content Focused (CF),Major Publication (MP)
Fathom Away,fathomaway.com/,210,Content Focused (CF),Major Publication (MP)
Home and Design,homeanddesign.com/,210,Content Focused (CF),Major Publication (MP)
Road and Travel,roadandtravel.com/,210,Content Focused (CF),Major Publication (MP)
Camels and Chocolate,camelsandchocolate.com/,210,Content Focused (CF),Major Publication (MP)
Good Is,good.is/,170,Content Focused (CF),Major Publication (MP)
IT Business Edge,itbusinessedge.com/,170,Content Focused (CF),Major Publication (MP)
Boating Mag,boatingmag.com/,170,Content Focused (CF),Major Publication (MP)
World Hum,worldhum.com/,170,Content Focused (CF),Major Publication (MP)
Extreme How To,extremehowto.com/,170,Content Focused (CF),Major Publication (MP)
Fintech Finance,fintech.finance/,170,Content Focused (CF),Major Publication (MP)
Your Teen Magazine,yourteenmag.com/,170,Content Focused (CF),Major Publication (MP)
Car Wash Magazine,carwash.com/,170,Content Focused (CF),Major Publication (MP)
Asian Entrepreneur,asianentrepreneur.org/,170,Content Focused (CF),Major Publication (MP)
Land Report,landreport.com/,170,Content Focused (CF),Major Publication (MP)
Maptia,maptia.com/,140,Content Focused (CF),Major Publication (MP)
MMM Online,mmm-online.com/,140,Content Focused (CF),Major Publication (MP)
Starts at 60,startsat60.com/,140,Content Focused (CF),Major Publication (MP)
Super Motors,supermotors.net/,140,Content Focused (CF),Major Publication (MP)
National Mortgage Professional,nationalmortgageprofessional.com/,110,Content Focused (CF),Major Publication (MP)
Alley Watch,alleywatch.com/,110,Content Focused (CF),Major Publication (MP)
Mortgage Professional America,mpamag.com/,110,Content Focused (CF),Major Publication (MP)
Wedding Style Magazine,weddingstylemagazine.com/,110,Content Focused (CF),Major Publication (MP)
Adore Magazine,adoremagazine.com/,110,Content Focused (CF),Major Publication (MP)
Adventure Bike Rider,adventurebikerider.com/,110,Content Focused (CF),Major Publication (MP)
Verge Magazine,vergemagazine.com/,110,Content Focused (CF),Major Publication (MP)
Tomorrows Technician,tomorrowstechnician.com/,110,Content Focused (CF),Major Publication (MP)
New Food Magazine,newfoodmagazine.com/,90,Content Focused (CF),Major Publication (MP)
Underhood Service,underhoodservice.com/,90,Content Focused (CF),Major Publication (MP)
Global Banking & Finance,globalbankingandfinance.com/,70,Content Focused (CF),Major Publication (MP)
Motortopia,motortopia.com/,50,Content Focused (CF),Major Publication (MP)
Destination Wedding Magazine,destinationweddingmag.com/,50,Content Focused (CF),Major Publication (MP)
The Cultureist,thecultureist.com/,50,Content Focused (CF),Major Publication (MP)
Borders of Adventure,bordersofadventure.com/,50,Content Focused (CF),Major Publication (MP)
Area Voices,areavoices.com/,30,Content Focused (CF),Major Publication (MP)
The Travel Magazine,thetravelmagazine.net/,30,Content Focused (CF),Major Publication (MP)
Everything Zoomer,everythingzoomer.com/,20,Content Focused (CF),Major Publication (MP)
Go World Travel,goworldtravel.com/,20,Content Focused (CF),Major Publication (MP)
Business Finance Magazine,businessfinancemag.com/,20,Content Focused (CF),Major Publication (MP)
The Worlds Best Ever,https://theworldsbestever.com,20,Content Focused (CF),Major Publication (MP)
Biz Community,bizcommunity.com/,10,Content Focused (CF),Major Publication (MP)
Bit Rebels,bitrebels.com/,10,Content Focused (CF),Major Publication (MP)
JAH Online,jahonline.org/,10,Content Focused (CF),Major Publication (MP)
Business Chief,businesschief.com/,10,Content Focused (CF),Major Publication (MP)
IT Business Net,itbusinessnet.com/,10,Content Focused (CF),Major Publication (MP)
Wall Street and Tech,wallstreetandtech.com/,10,Content Focused (CF),Major Publication (MP)
Skipser,skipser.com/,10,Content Focused (CF),Major Publication (MP)
Organic Lifestyle Magazine,organiclifestylemagazine.com/,10,Content Focused (CF),Major Publication (MP)
Street Rodder Web,streetrodderweb.com/,10,Content Focused (CF),Major Publication (MP)
Perceptive Travel,perceptivetravel.com/,10,Content Focused (CF),Major Publication (MP)
A Little Adrift,alittleadrift.com/,10,Content Focused (CF),Major Publication (MP)
Web CPA,webcpa.com/,10,Content Focused (CF),Major Publication (MP)
Epicure and Culture,epicureandculture.com/,10,Content Focused (CF),Major Publication (MP)
Covet Edition,covetedition.com/,10,Content Focused (CF),Major Publication (MP)
Motorcycle Mojo,motorcyclemojo.com/,10,Content Focused (CF),Major Publication (MP)
Motoress,motoress.com/,10,Content Focused (CF),Major Publication (MP)
SFGate,sfgate.com/,"630,000",Content Focused (CF),Major Publication (MP)
New Yorker,newyorker.com/,"2,400",Content Focused (CF),Major Publication (MP)
Market Watch,marketwatch.com/,"673,000",Content Focused (CF),Major Publication (MP)
Biz Journals,bizjournals.com/,320,Content Focused (CF),Major Publication (MP)
Inc.,inc.com/,"49,000",Content Focused (CF),Major Publication (MP)
Arstechnica,arstechnica.com/,"90,500",Content Focused (CF),Major Publication (MP)
Life Hacker,lifehacker.com/,"90,500",Content Focused (CF),Major Publication (MP)
CS Monitor,csmonitor.com/,"2,400",Content Focused (CF),Major Publication (MP)
IB Times,ibtimes.com/,70,Content Focused (CF),Major Publication (MP)
Pop Sugar,popsugar.com/,"110,000",Content Focused (CF),Major Publication (MP)
Ad Week,adweek.com/,"22,200",Content Focused (CF),Major Publication (MP)
News Day,newsday.com/,"4,400",Content Focused (CF),Major Publication (MP)
O Magazine,oprah.com/,"246,000",Content Focused (CF),Major Publication (MP)
The Street,thestreet.com/,"3,600",Content Focused (CF),Major Publication (MP)
BHG,bhg.com/,"9,900",Content Focused (CF),Major Publication (MP)
Trip Savvy,tripsavvy.com/,170,Content Focused (CF),Major Publication (MP)
InformationWeek,informationweek.com/,110,Content Focused (CF),Major Publication (MP)
Curbed,curbed.com/,320,Content Focused (CF),Major Publication (MP)
Health.com,health.com/,"1,600",Content Focused (CF),Major Publication (MP)
Harpers Bazaar,harpersbazaar.com/,"27,100",Content Focused (CF),Major Publication (MP)
Good House Keeping,goodhousekeeping.com/,"33,100",Content Focused (CF),Major Publication (MP)
Self.com,self.com/,"1,000",Content Focused (CF),Major Publication (MP)
9 to 5 Mac,9to5mac.com/,"49,000",Content Focused (CF),Major Publication (MP)
Investors.com,investors.com/,"3,600",Content Focused (CF),Major Publication (MP)
Mind Body Green,mindbodygreen.com/,210,Content Focused (CF),Major Publication (MP)
Consumerist,consumerist.com/,480,Content Focused (CF),Major Publication (MP)
Small Biz Trends,smallbiztrends.com/,320,Content Focused (CF),Major Publication (MP)
House Beautiful,housebeautiful.com/,"27,100",Content Focused (CF),Major Publication (MP)
Business.com,business.com/,720,Content Focused (CF),Major Publication (MP)
Cafe Mom,cafemom.com/,"4,400",Content Focused (CF),Major Publication (MP)
Before Its News,beforeitsnews.com/,"18,100",Content Focused (CF),Major Publication (MP)
Tech Times,techtimes.com/,"1,000",Content Focused (CF),Major Publication (MP)
Brides,brides.com/,590,Content Focused (CF),Major Publication (MP)
Brit + Co,brit.co/,"4,400",Content Focused (CF),Major Publication (MP)
Arthritis.org,arthritis.org/,590,Content Focused (CF),Major Publication (MP)
Parenting,parenting.com/,260,Content Focused (CF),Major Publication (MP)
Ellen Tube,ellentube.com/,110,Content Focused (CF),Major Publication (MP)
PYMNTS,pymnts.com/,210,Content Focused (CF),Major Publication (MP)
Sunset.com,sunset.com/,390,Content Focused (CF),Major Publication (MP)
Tech News World,technewsworld.com/,150,Content Focused (CF),Major Publication (MP)
Auto Mobile Magazine,automobilemag.com/,10,Content Focused (CF),Major Publication (MP)
My Domaine,mydomaine.com/,900,Content Focused (CF),Major Publication (MP)
Smart Brief,smartbrief.com/,500,Content Focused (CF),Major Publication (MP)
Tech.co,tech.co/,200,Content Focused (CF),Major Publication (MP)
Programmable Web,programmableweb.com,700,Content Focused (CF),Major Publication (MP)
All Women's Talk,allwomenstalk.com/,100,Content Focused (CF),Major Publication (MP)
Hotrod,hotrod.com/,"6,400",Content Focused (CF),Major Publication (MP)
InvestmentNews.com,investmentnews.com/,10,Content Focused (CF),Major Publication (MP)
Todays Parents,todaysparent.com/,"1,300",Content Focused (CF),Major Publication (MP)
inTouch Weekly,intouchweekly.com/,500,Content Focused (CF),Major Publication (MP)
The Every Girl,theeverygirl.com/,"3,600",Content Focused (CF),Major Publication (MP)
Super Street Online,superstreetonline.com/,150,Content Focused (CF),Major Publication (MP)
Cooks Illustrated,cooksillustrated.com/,"17,000",Content Focused (CF),Major Publication (MP)
Motorcycle.com,motorcycle.com/,700,Content Focused (CF),Major Publication (MP)
Everyday With Rachael Ray,rachaelraymag.com/,350,Content Focused (CF),Major Publication (MP)
Backpacker.com,backpacker.com/,350,Content Focused (CF),Major Publication (MP)
Clark,clark.com,"28,000",Content Focused (CF),Major Publication (MP)
Globe St,globest.com/,10,Content Focused (CF),Major Publication (MP)
Style at Home,styleathome.com/,250,Content Focused (CF),Major Publication (MP)
Lifehacker - Two Cents,twocents.lifehacker.com/,10,Content Focused (CF),Major Publication (MP)
Veg News,vegnews.com/,"2,200",Content Focused (CF),Major Publication (MP)
Fine Home Building,finehomebuilding.com/,500,Content Focused (CF),Major Publication (MP)
Family Circle,familycircle.com/,"7,300",Content Focused (CF),Major Publication (MP)
Biz Report,bizreport.com/,20,Content Focused (CF),Major Publication (MP)
Motorcyclist Online,motorcyclistonline.com/,90,Content Focused (CF),Major Publication (MP)
Transitions Abroad,transitionsabroad.com/,210,Content Focused (CF),Major Publication (MP)
Triathlete,triathlete.com/,"2,400",Content Focused (CF),Major Publication (MP)
Go Nomad,gonomad.com/,60,Content Focused (CF),Major Publication (MP)
Mustang and Fords,mustangandfords.com/,10,Content Focused (CF),Major Publication (MP)
Frame Web,frameweb.com/,10,Content Focused (CF),Major Publication (MP)
Home Business Magagazine,homebusinessmag.com/,10,Content Focused (CF),Major Publication (MP)
Bang Shift,bangshift.com/,500,Content Focused (CF),Major Publication (MP)
Motorcycle Cruiser,motorcyclecruiser.com/,"1,200",Content Focused (CF),Major Publication (MP)
Alive.com,alive.com/,250,Content Focused (CF),Major Publication (MP)
Islands.com,islands.com/,90,Content Focused (CF),Major Publication (MP)
Vaga Bondish,vagabondish.com/,10,Content Focused (CF),Major Publication (MP)
Road Racing World,roadracingworld.com/,350,Content Focused (CF),Major Publication (MP)
Racer X Online Magazine,racerxonline.com/,10,Content Focused (CF),Major Publication (MP)
Trailer Life,trailerlife.com/,"2,900",Content Focused (CF),Major Publication (MP)
Power and Motor Yacht,powerandmotoryacht.com/,30,Content Focused (CF),Major Publication (MP)
Trail Running Magazine,trailrunnermag.com/,800,Content Focused (CF),Major Publication (MP)
Truckin Web Magazine,truckinweb.com/,10,Content Focused (CF),Major Publication (MP)
Multi-Family Executive,multifamilyexecutive.com/,10,Content Focused (CF),Major Publication (MP)
Adoptive Families,adoptivefamilies.com/,250,Content Focused (CF),Major Publication (MP)
PR Week US,prweekus.com/,70,Content Focused (CF),Major Publication (MP)
4 Wheel Offroad,4wheeloffroad.com/,30,Content Focused (CF),Major Publication (MP)
Log Home,loghome.com/,"2,600",Content Focused (CF),Major Publication (MP)
Managed Health Care Executive,managedhealthcareexecutive.com/,10,Content Focused (CF),Major Publication (MP)
Hot Bike Web,hotbikeweb.com/,30,Content Focused (CF),Major Publication (MP)
Muna Luchi Bridal,munaluchibridal.com/,0,Content Focused (CF),Major Publication (MP)
Tire Review,tirereview.com/,"1,100",Content Focused (CF),Major Publication (MP)
Health Care Design Magazine,healthcaredesignmagazine.com/,10,Content Focused (CF),Major Publication (MP)
Motor Home,motorhome.com/,"8,600",Content Focused (CF),Major Publication (MP)
HGTV Remodels,hgtvremodels.com/,150,Content Focused (CF),Major Publication (MP)
Chevy Hi-Performance,chevyhiperformance.com/,10,Content Focused (CF),Major Publication (MP)
Escapees,escapees.com/,"8,400",Content Focused (CF),Major Publication (MP)
Adventure.com,adventure.com/,90,Content Focused (CF),Major Publication (MP)
Health Care Global,healthcareglobal.com/,10,Content Focused (CF),Major Publication (MP)
Cu Journal,cujournal.com/,200,Content Focused (CF),Major Publication (MP)
Insurance Networking,insurancenetworking.com/,0,Content Focused (CF),Major Publication (MP)
Salt Water Sportsman,saltwatersportsman.com/,200,Content Focused (CF),Major Publication (MP)
Low Rider Magazine,lowridermagazine.com/,250,Content Focused (CF),Major Publication (MP)
Get Married,getmarried.com/,"1,500",Content Focused (CF),Major Publication (MP)
Road Runner,roadrunner.travel/,"58,000",Content Focused (CF),Major Publication (MP)
The Asset,theasset.com/,350,Content Focused (CF),Major Publication (MP)
Health Tech Magazine,healthtechmagazine.net/,40,Content Focused (CF),Major Publication (MP)
Behaviroal.net,behavioral.net/,10,Content Focused (CF),Major Publication (MP)
Vette Web,vetteweb.com/,10,Content Focused (CF),Major Publication (MP)
ClassicTrucks.com,classictrucks.com/,80,Content Focused (CF),Major Publication (MP)
Natural Awakening Magazine,naturalawakeningsmag.com/,150,Content Focused (CF),Major Publication (MP)
GBD Magazine,gbdmagazine.com/,0,Content Focused (CF),Major Publication (MP)
Hack Writers,hackwriters.com/,20,Content Focused (CF),Major Publication (MP)
Health 4 Mom,health4mom.org/,10,Content Focused (CF),Major Publication (MP)
Weblog The World,weblogtheworld.com/,10,Content Focused (CF),Major Publication (MP)
Ocean Navigator,oceannavigator.com/,250,Content Focused (CF),Major Publication (MP)
Thriving Family,thrivingfamily.com/,50,Content Focused (CF),Major Publication (MP)
Consumerist,https://consumerist.com/,"3,300",Content Focused (CF),Major Publication (MP)
Arstechnica,https://arstechnica.com/,"29,000",Content Focused (CF),Major Publication (MP)
ALZ.org,https://alz.org/,"2,300",Content Focused (CF),Major Publication (MP)
Small Biz Trends,https://smallbiztrends.com/,150,Content Focused (CF),Major Publication (MP)
Hacker Noon,https://hackernoon.com/,"1,200",Content Focused (CF),Major Publication (MP)
Think Progress,https://thinkprogress.org/,"12,000",Content Focused (CF),Major Publication (MP)
Beta News,https://betanews.com/,300,Content Focused (CF),Major Publication (MP)
Parade.com,https://parade.com/,"7,300",Content Focused (CF),Major Publication (MP)
CR We World,http://crweworld.com/,10,Content Focused (CF),Major Publication (MP)
Quick & Dirty Tips,https://www.quickanddirtytips.com/,10,Content Focused (CF),Major Publication (MP)
We Hear It,https://weheartit.com/,300,Content Focused (CF),Major Publication (MP)