Doctor of Credit,doctorofcredit.com/
SmartAsset,smartasset.com/
The Budget Mom,thebudgetmom.com/
Wall Street Oasis,wallstreetoasis.com/
Rachel Cruze,rachelcruze.com/
Money Saving Mom,moneysavingmom.com/
Get Out of Debt,getoutofdebt.org/
The Penny Hoarder,thepennyhoarder.com/
Deposit Accounts,depositaccounts.com/
The Financial Diet,thefinancialdiet.com/
Get Rich Slowly,getrichslowly.org/
Calculated Risk,calculatedriskblog.com/
The Simple Dollar,thesimpledollar.com/
Money Under 30,moneyunder30.com/
Money Talks News,moneytalksnews.com/
Early Retirement Extreme,earlyretirementextreme.com/
Retire By 40,retireby40.org/
Physician on FIRE,physicianonfire.com/
Jean Chatzky,jeanchatzky.com/
Making Sense of Cents,makingsenseofcents.com/
Afford Anything,affordanything.com/
Millennial Money,millennialmoney.com/
Rockstar Finance,rockstarfinance.com/
ESI Money,esimoney.com/
Go Curry Cracker!,gocurrycracker.com/
Budgets Are Sexy,budgetsaresexy.com/
Kitces,kitces.com/
Listen Money Matters,listenmoneymatters.com/
Broke Millennial,brokemillennial.com/
Sound Mind Investing,soundmindinvesting.com/
The White Coat Investor,whitecoatinvestor.com/
The Frugal Girl,thefrugalgirl.com/
Our Next Life,ournextlife.com/
Clever Girl Finance,clevergirlfinance.com/
Free Financial Advisor,thefreefinancialadvisor.com/
Stacking Benjamins,stackingbenjamins.com/
Can I Retire Yet?,caniretireyet.com/
The Dough Roller,doughroller.net/
Dollar Stretcher,stretcher.com/
Hustler Money Blog,hustlermoneyblog.com/
Thousandaire,thousandaire.com/
Money Crashers,moneycrashers.com/
Blogging Away Debt,bloggingawaydebt.com/
Investor Junkie,investorjunkie.com/
Dual Income No Kids,dinksfinance.com/
Millennial Money Man,millennialmoneyman.com/
Coach Carson,coachcarson.com/
The College Investor,thecollegeinvestor.com/
Good Financial Cents,goodfinancialcents.com/
Lauren Greutman,laurengreutman.com/
Wallet Hacks,wallethacks.com/
Oblivious Investor,obliviousinvestor.com/
Money Done Right,moneydoneright.com/
Barefoot Investor,barefootinvestor.com/
Girls Just Wanna Have Funds,girlsjustwannahavefunds.com/
Well Kept Wallet,wellkeptwallet.com/
My Fab Finance,myfabfinance.com/
20somethingfinance,20somethingfinance.com/
Five Cent Nickel,fivecentnickel.com/
Mommyish,mommyish.com/
Pocket Your Dollars,pocketyourdollars.com/
Club Thrifty,clubthrifty.com/
OneMint,onemint.com/
Lend Academy,lendacademy.com/
Personal finance advice,pfadvice.com/
Six Figures Under,sixfiguresunder.com/
Money Peach,moneypeach.com/
Scott Alan Turner,scottalanturner.com/
Dumb Little Man,dumblittleman.com/
The Military Wallet,themilitarywallet.com/
Military Money Manual,militarymoneymanual.com/
Ask Liz Weston,asklizweston.com/
The Retirement Manifesto,theretirementmanifesto.com/
The Incidental Economist,theincidentaleconomist.com/
DailyWorth,dailyworth.com/
Couple Money,couplemoney.com/
Richmond Savers,richmondsavers.com/
Squawkfox,squawkfox.com/
Bible Money Matters,biblemoneymatters.com/
Bargain Babe,bargainbabe.com/
The Finance Buff,thefinancebuff.com/
Monevator,monevator.com/
Debt Free Guys,debtfreeguys.com/
Frugal Rules,frugalrules.com/
LSM Insurance,lsminsurance.ca/
Enemy of Debt,enemyofdebt.com/
My Journey to Millions,myjourneytomillions.com/
Trees Full of Money,treesfullofmoney.com/
Squared Away Blog,squaredawayblog.bc.edu/
Money After Graduation,moneyaftergraduation.com/
MoneyMiniBlog,moneyminiblog.com/
Financial Highway,financialhighway.com/
The Military Guide,the-military-guide.com/
Fabulously Broke in the City,fabulouslybroke.com/
Funny About Money,funny-about-money.com/
Planting Money Seeds,plantingmoneyseeds.com/
Budgeting in the Fun Stuff,budgetinginthefunstuff.com/
Our Freaking Budget,ourfreakingbudget.com/
Careful Cents,carefulcents.com/
Stumble Forward,stumbleforward.com/
BasuNivesh,basunivesh.com/
PeerFinance101,peerfinance101.com/
Punch Debt In The Face,punchdebtintheface.com/
Disease called Debt,diseasecalleddebt.com/
Your Smart Money Moves,yoursmartmoneymoves.com/
SIMPLE TAX INDIA,simpletaxindia.net/
Millionaire Acts,millionaireacts.com/
The Truth About Insurance,thetruthaboutinsurance.com/
Jessica Moorhouse,jessicamoorhouse.com/
Free Money Finance,freemoneyfinance.com/
VTX Capital,dollarsprout.com/
Young Adult Money,youngadultmoney.com/
Centsable Momma,centsablemomma.com/
Fiscal Tiger,fiscaltiger.com/
Jago Investor,jagoinvestor.com/
Million Dollar Journey,milliondollarjourney.com/
Debt RoundUp,debtroundup.com/
Money Smart Life,moneysmartlife.com/
Elite Personal Finance,elitepersonalfinance.com/
Sense to Save,sensetosave.com/
Yes I am Cheap,yesiamcheap.com/
"Marriage, Kids, and Money",marriagekidsandmoney.com/
Rit Holtz,ritholtz.com/
Noobpreneur,noobpreneur.com/
Christian PF,christianpf.com/
Cash Money Life,cashmoneylife.com/
The Digerati Life,thedigeratilife.com/
Consumerism Commentary,consumerismcommentary.com/
Modest Money,modestmoney.com/
Generation X Finance,genxfinance.com/
Moolanomy,moolanomy.com/
Lend Academy,lendacademy.com/
Plunged in Debt,plungedindebt.com/
Free From Broke,freefrombroke.com/
Lazy Man and Money,lazymanandmoney.com/
Miss Millennia Magazine,missmillmag.com/
Wealth Pilgrim,wealthpilgrim.com/
Clever Dude,cleverdude.com/
Investormint,investormint.com/
Ready to be Rich,fitzvillafuerte.com/
Bankruptcy Law Network,bankruptcylawnetwork.com/
Boomer and Echo,boomerandecho.com/
Money Q&A,moneyqanda.com/
Canadian Budget Binder,canadianbudgetbinder.com/
Frugal And Thriving,frugalandthriving.com.au/
Marotta On Money,marottaonmoney.com/
Money Manifesto,moneymanifesto.com/
Frugal Village,frugalvillage.com/
Money Magazine Australia,moneymag.com.au/
Retire Happy Blog,retirehappy.ca/
My Dollar Plan,mydollarplan.com/
Three Thrifty Guys,threethriftyguys.com/
Femme Frugality,femmefrugality.com/
Frugal Confessions,frugalconfessions.com/
My Money Design,mymoneydesign.com/
Mighty Bargain Hunter,mightybargainhunter.com/
My Millennial Guide,mymillennialguide.com/
Saving Freak,savingfreak.com/
The Financial Blogger,thefinancialblogger.com/
Leave Debt Behind,leavedebtbehind.com/
Your Finances Simplified,yourfinancessimplified.com/
My Personal Finance Journey,mypersonalfinancejourney.com/
Newlyweds on a Budget,newlywedsonabudget.com/
Money to the Masses,moneytothemasses.com/
Give Me Back My Five Bucks,givemebackmyfivebucks.com/
Half Banked,halfbanked.com/
Money Soldiers,moneysoldiers.com/
Invest It Wisely,investitwisely.com/
My Two Dollars,mytwodollars.com/
Life Insurance By Jeff,lifeinsurancebyjeff.com/
Chief Family Officer,chieffamilyofficer.com/
50 Plus Finance,50plusfinance.com/
Money Help For Christians,moneyhelpforchristians.com/
My Own Advisor,myownadvisor.ca/
The Frugal Toad,thefrugaltoad.com/
Money Beagle,moneybeagle.com/
The Biglaw Investor,biglawinvestor.com/
Finance Superhero,financesuperhero.com/
Mr. Money Mustache,mrmoneymustache.com/
Saving Advice,savingadvice.com/
My Money Blog,mymoneyblog.com/
Frugal Dad,frugaldad.com/
Suze Orman's Blog,suzeorman.com/
A Life Less Conventional,millionmilesecrets.com/
Penny Pinchin' Mom,pennypinchinmom.com/
Money Ning,moneyning.com/
Get Smarter About Money,getsmarteraboutmoney.ca/
Financial Mentor,financialmentor.com/
Balance Junkie,maplemoney.com/
Learn Bonds,learnbonds.com/
Moneytips,moneytips.com/
Smart on Money,smartaboutmoney.org/
Imoney.my,imoney.my/
Your Money,yourmoney.com/
Goodreturns,goodreturns.in/
NewRetirement,newretirement.com/
One Cent at a Time,onecentatatime.com/
Credit.org,credit.org/
Don't Mess With Taxes,dontmesswithtaxes.typepad.com/
The Financial Ladder,finanzzas.com/
Lazy Man and Money,lazymanandmoney.com/
Living on the Cheap,livingonthecheap.com/
Saving to Invest,savingtoinvest.com/
The Centsible Life,thecentsiblelife.com/
WIFE.Org: Women's Institute For Financial Education,wife.org/
Choose FI,choosefi.com/
Everything Finance,everythingfinanceblog.com/
Single Mom's Income,singlemomsincome.com/
AllAboutAlpha,allaboutalpha.com/
Be Money Aware Blog,bemoneyaware.com/
Fortunate Investor,fortunateinvestor.com/
Gail Vaz-Oxlade,gailvazoxlade.com/
AllThingsFinance,allthingsfinance.net/
Kclau.com,kclau.com/
Trade-Ideas Software,trade-ideas.com/
LifeAndMyFinances,lifeandmyfinances.com/
Money Excel,moneyexcel.com/
The Ways To Wealth,thewaystowealth.com/
Chartered Club,charteredclub.com/
FinanceBuzz.io,financebuzz.com/
Mom and Dad Money,momanddadmoney.com/
MoneySmartGuides,moneysmartguides.com/
CNA Finance,cnafinance.com/
ReLakhs By Sreekanth,relakhs.com/
Confessions of a Professional Blogger,mirandamarquit.com/
Investment Moats,investmentmoats.com/
EmmaDrew.Info,emmadrew.info/
JackieBeck.com,jackiebeck.com/
Barbara Friedberg Personâ€¦,barbarafriedbergpersonalfinance.com/
Personal Finance Analyst,personalfinanceanalyst.com/
Personal Finance Analyst,personalfinanceanalyst.com/
Money Smarts Blog,moneysmartsblog.com/
HowToSaveMoney.ca,howtosavemoney.ca/
BrokeGIRLrich,brokegirlrich.com/
Reach Financial Independence,reachfinancialindependence.com/
AssetBuilder,assetbuilder.com/
Bank On Yourself By Pamela Yellen,bankonyourself.com/
Everybody Loves Your Money,everybodylovesyourmoney.com/
Blonde and Balanced,blondeandbalanced.com/
Myinvestmentideas.com,myinvestmentideas.com/
Rich Life Forever,goodmoneying.com/
Real Life on a Budget,jessifearon.com/
Queercents,queercents.com/
Personal Finance Calculators,freefincal.com/
Savvy New Canadians,savvynewcanadians.com/
The Smarter Wallet,thesmarterwallet.com/
Wiki Financepedia,wikifinancepedia.com/
Personal Finance by the Book,personalfinancebythebook.com/
20smoney.com,20smoney.com/
Bald Thoughts,baldthoughts.boardingarea.com/
Canadian Capitalist,canadiancapitalist.com/
Money to the Masses,moneytothemasses.com/
Your PF Pro,yourpfpro.com/
KatyKicker,katykicker.com/
Gather Little By Little,gatherlittlebylittle.com/
The Thought Card,thoughtcard.com/
Sweating The Big Stuff,sweatingthebigstuff.com/
Cash overflow,cashoverflow.in/
Prairie Eco-Thrifter,prairieecothrifter.com/
Grad Money Matters,gradmoneymatters.com/
The Radical Personal Finance Podcast,radicalpersonalfinance.com/
TeensGotCents,teensgotcents.com/
Getting Your Financial Ducks In A Row,financialducksinarow.com/
Surviving and Thriving,donnafreedman.com/
Debt Discipline By Brian,debtdiscipline.com/
Savvy Scot,savvyscot.com/
1-million-dollar-blog,1-million-dollar-blog.com/
ApnaPlan.Com,apnaplan.com/
Faithful With A Few,knsfinancial.com/
Faithful With A Few,knsfinancial.com/
Out of Your Rut,outofyourrut.com/
More Than Finances,morethanfinances.com/
The Finance Wand,financewand.com/
Financial Planning InfoGâ€¦,tflguide.com/
Luke1428,luke1428.com/
Jessica Moorhouse,jessicamoorhouse.com/
MoneyHighStreet.com,moneyhighstreet.com/
Stapler Confessions,staplerconfessions.com/
Narrow Bridge Finance,personalprofitability.com/
Narrow Bridge Finance,personalprofitability.com/
Finance For A Freelance Life,financefreelancelife.com/
Beating Broke,beatingbroke.com/
Financial Awakenings,kahlerfinancial.com/
One Smart Dollar,onesmartdollar.com/
Getting Money Wise,gettingmoneywise.com/
Thirty Six Months,thirtysixmonths.com/
Eyes on the Dollar By Kim,eyesonthedollar.com/
Moms Plan,momsplans.com/
Engineer Your Finances,engineeryourfinances.com/
Free By 50,freeby50.com/
Mortgage Refinance Advisor,refiadvisor.com/pblog/
Squirrelers,squirrelers.com/
Tackling Our Debt,tacklingourdebt.com/
Own The Dollar,ownthedollar.com/
RetirementRevised,retirementrevised.com/
Evolving Personal Finance,evolvingpf.com/
Mustard Seed Money,mustardseedmoney.com/
Women Who Money,womenwhomoney.com/
My Broken Coin,mybrokencoin.com/
Canadian Personal Finance Blog,canajunfinances.com/
Darwin's Money,darwinsmoney.com/
His and Her Money,hisandhermoney.com/
The Rich Miser,richmiser.com/