KSL,ksl.com/
Star Tribune,startribune.com/
Chicago Tribune,chicagotribune.com/
9 News,9news.com/
Daily Wire,dailywire.com/
Michigan,mlive.com/
Channel 3000,channel3000.com
AJC,ajc.com/
Cincinnati,cincinnati.com/
KARE 11,kare11.com/
WMUR,wmur.com/
News 12,brooklyn.news12.com/
Tucson,tucson.com/
WTOP,wtop.com/
Telegram,telegram.com/
Hawaii News Now,hawaiinewsnow.com/
KOMO News,komonews.com/
KHOU,khou.com/
Silive,silive.com/
Syracuse,syracuse.com/
WFAA,wfaa.com/
WPXI,wpxi.com/
Fox 4 news,fox4news.com/
Keloland,keloland.com/
Click On Detroit,clickondetroit.com/
Delaware Online,delawareonline.com/
Houston Chronicle,houstonchronicle.com/
KCRG,kcrg.com/
King 5,king5.com/
KSAT,ksat.com/
KSDK,ksdk.com/
KY3,ky3.com/
LeHigh Valley Live,lehighvalleylive.com/
MRT,mrt.com/
WCTV,wctv.tv/
WCVB,wcvb.com/
WHIO,whio.com/
WKYT,wkyt.com/
Post Gazette,post-gazette.com/
Sun Sentinel,sun-sentinel.com/
WGAL,wgal.com/
Fox 59,fox59.com/
Fox 8,fox8.com/
WSVN,wsvn.com/
AL,al.com/
CT Post,ctpost.com/
Dallas News,dallasnews.com/
KTVB,ktvb.com/
KXAN,kxan.com/
Miami Herald,miamiherald.com/
Palm Beach Post,palmbeachpost.com/
Times Union,timesunion.com/
WIVB,wivb.com/
WKBN,wkbn.com/
WTNH,wtnh.com/
WWLP,wwlp.com/
WITN,witn.com/
ABC 7 News,abc7news.com/
Billings Gazette,billingsgazette.com/
BBVA,bbva.com/en/
Dayton Daily News,daytondailynews.com/
Des Moines Register,desmoinesregister.com/
Jacksonville,jacksonville.com/
NWI Times,nwitimes.com/
WBIR,wbir.com/
WCPO,wcpo.com/
WGRZ,wgrz.com/
WITN,witn.com/
WLTX,wltx.com/
Grand Forks Herald,grandforksherald.com/
Inforum,inforum.com/
KKTV,kktv.com/
KWWL,kwwl.com/
News 9,news9.com/
Star Advertiser,staradvertiser.com/
WBTV,wbtv.com/
WDRB,wdrb.com/
WHNT,whnt.com/
WLBT,wlbt.com/
KATC,katc.com/
WHNT,whnt.com/
WLOS,wlos.com/
WSET,wset.com/
CBRE,cbre.com/
Charlotte Observer,charlotteobserver.com/
Daily Herald,dailyherald.com/
KPTV,kptv.com/
New Haven Register,nhregister.com/
The Hartford,thehartford.com/
WIBW,wibw.com/
KBTX,kbtx.com/
KTVU,ktvu.com/
WALB,walb.com/
WANE,wane.com/
WECT,wect.com/
WJHL,wjhl.com/
WLOX,wlox.com/
WTOC,wtoc.com/
WWMT,wwmt.com/
Bismarck Tribune,bismarcktribune.com/
KFOR,kfor.com/
Madison,madison.com/
Post Star,poststar.com/
Turn to 10,turnto10.com/
WCYB,wcyb.com/
WREG,wreg.com/
WSBT,wsbt.com/
WWMT,wwmt.com/
Chron,chron.com/
KIRO 7,kiro7.com/
KVUE,kvue.com/
KWCH,kwch.com/
Orlando Sentinel,orlandosentinel.com/
Red Herring,redherring.com/
Stamford Advocate,stamfordadvocate.com/
The State,thestate.com/
WANE,wane.com/
WATE,wate.com/
WJHL,wjhl.com/
WSPA,wspa.com/
WXII,wxii12.com/
Turn to 10,turnto10.com
Gaston Gazette,gastongazette.com/
KLFY,klfy.com/
KSBW,ksbw.com/
KSBY,ksby.com/
KWQC,kwqc.com/
WAFF,waff.com/
WBAL,wbal.com/
WBNG,wbng.com/
WBOC,wboc.com/
WFMJ,wfmj.com/
WHEC,whec.com
WLFI,wlfi.com/
WTOL,wtol.com/
ABC 7 Chicago,abc7chicago.com/
KDVR,kdvr.com/
KTTC,kttc.com/
WHO TV,whotv.com/
WTVR,wtvr.com/
Berkshire Eagle,berkshireeagle.com/
BND,bnd.com/
Fox Carolina,foxcarolina.com/
Greeley Tribune,greeleytribune.com/
Idaho Statesman,idahostatesman.com/
KENS 5,kens5.com/
KLFY,klfy.com/
KMBC,kmbc.com/
KRQE,krqe.com/
KTVZ,ktvz.com/
KWQC,kwqc.com/
Times Leader,timesleader.com/
WHSV,whsv.com/
WRDW,wrdw.com/
WSMV,wsmv.com/
Brainerd Dispatch,brainerddispatch.com/
Daily Press,dailypress.com/
Johnson City Press,johnsoncitypress.com/
KAKE,kake.com/
WDAM,wdam.com/
WKRG,wkrg.com/
WNEM,wnem.com/
WTVM,wtvm.com/
Fox 40,fox40.com/
Missoulian,missoulian.com/
Rapid City Journal,rapidcityjournal.com/
Sioux City Journal,siouxcityjournal.com/
Splinter,splinternews.com/
WGME,wgme.com/
WNYT,wnyt.com/
WPDE,wpde.com/
WQAD,wqad.com/
WTKR,wtkr.com/
KOCO,koco.com/
NBC Chicago,nbcchicago.com/
Pantagraph,pantagraph.com/
Press Enterprise,pe.com/
SF Chronicle,sfchronicle.com/
The Day,theday.com/
Ventura County Star,vcstar.com/
WBKO,wbko.com/
WDSU,wdsu.com/
WKBW,wkbw.com/
WKRG,wkrg.com/
WNEM,wnem.com/
WTVA,wtva.com/
WJON,wjon.com/
14 News,14news.com/
ABC 7,abc-7.com/
ABC 6,abc6.com/
Carroll County Times,carrollcountytimes.com/
Erie News Now,erienewsnow.com/
Gainesville Sun,gainesville.com/
Houma Today,houmatoday.com/
KCBD,kcbd.com/
KESQ,kesq.com/
KHQ,khq.com/
KIMT,kimt.com/
KSN,ksn.com/
KTVA,ktva.com/
Shelby Star,shelbystar.com/
ABC 7,abc7.com/
Fox 5 San Diego,fox5sandiego.com/
Fox 61,fox61.com/
Local 12,local12.com/
WGEM,wgem.com/
WJLA,wjla.com/
12 News,12news.com/
Florida Today,floridatoday.com/
KESQ,kesq.com/
KSN,ksn.com/
Las Vegas Review Journal,reviewjournal.com/
Star Telegram,star-telegram.com/
Statesman Journal,statesmanjournal.com/
Tri City Herald,tri-cityherald.com/
Tuscaloosa News,tuscaloosanews.com/
Twin Cities,twincities.com/
WDTN,wdtn.com/
WISN,wisn.com/
WSLS,wsls.com/
Daily Journal,dailyjournal.net/
KRGV,krgv.com/
News Channel 10,newschannel10.com/
News West 9,newswest9.com/
Norwich Bulletin,norwichbulletin.com/
Sheboygan Press,sheboyganpress.com/
Springfield News Sun,springfieldnewssun.com/
Sun Journal,sunjournal.com/
Daily Journal,thedailyjournal.com/
The Republic,therepublic.com/
WMBF News,wmbfnews.com/
WMTW,wmtw.com/
WRIC,wric.com/
Journal Star,journalstar.com/
News 10,ktvl.com/
WEAR TV,weartv.com/
WKOW,wkow.com/
WVVA,wvva.com/
ABC 12,abc12.com/
East Bay Times,eastbaytimes.com/
Journal News,journal-news.com/
KEYT,keyt.com/
KTBS,ktbs.com/
The Telegraph,macon.com/
NBC Bay Area,nbcbayarea.com/
News 10,news10.com/
The Oregonian,oregonlive.com/
Penn Live,pennlive.com/
Post Bulletin,postbulletin.com/
Seattle Pi,seattlepi.com/
The Ledger,theledger.com/
The Olympian,theolympian.com/
The Telegraph,thetelegraph.com/
WABI,wabi.tv/
WBAL TV,wbaltv.com/
WCNC,wcnc.com/
WDTV,wdtv.com/
WZZM 13,wzzm13.com/
Chillicothe Gazette,chillicothegazette.com/
The Columbian,columbian.com/
Fox 5 Atlanta,fox5atlanta.com/
Fox 5,fox5ny.com/
KOAA,koaa.com/
Kold,kold.com/
KTIV,ktiv.com/
Lima Ohio,limaohio.com/
Minot Daily News,minotdailynews.com/
Providence Journal,providencejournal.com/
The Union,theunion.com/
Times Reporter,timesreporter.com/
WBTW,wbtw.com/
WSB Radio,wsbradio.com/
Globe Gazette,globegazette.com/
KTIV,ktiv.com/
KTUL,ktul.com/
KTVO,ktvo.com/
Las Vegas Sun,lasvegassun.com/
11 Alive,11alive.com/
KBMT,12newsnow.com/
9 and 10 News,9and10news.com/
Action News Now,actionnewsnow.com/
AZ Central,azcentral.com/
Beaumont Enterprise,beaumontenterprise.com/
CBS 7,cbs7.com/
Coloradoan,coloradoan.com/
News 2,counton2.com/
Daily Breeze,dailybreeze.com/
Great Falls Tribune,greatfallstribune.com/
Greenwich Time,greenwichtime.com/
Gwinnett Daily Post,gwinnettdailypost.com/
KALB,kalb.com/
KREM,krem.com/
KSHB,kshb.com/
Local News 8,localnews8.com/
Metrowest Daily News,metrowestdailynews.com/
The Press Democrat,pressdemocrat.com/
Record Courier,record-courier.com/
Santa Cruz Sentinel,santacruzsentinel.com/
The Tennessean,tennessean.com/
Wausau Daily Herald,wausaudailyherald.com/
WIFR,wifr.com/
Holland Sentinel,hollandsentinel.com/
Jamestown Sun,jamestownsun.com/
KTRE,ktre.com/
KXXV,kxxv.com/
Tucson News Now,tucsonnewsnow.com/
Valley News,valleynewslive.com/
Western Mass News,westernmassnews.com/
WLNS,wlns.com/
WSAV,wsav.com/
WTRF,wtrf.com/
6 ABC,6abc.com/
Hanford Sentinel,hanfordsentinel.com/
KHQA,khqa.com/
Santa Maria Times,santamariatimes.com/
ABC 15,abc15.com/
Click 2 Houston,click2houston.com/
The Herald,heraldonline.com/
Indy Star,indystar.com/
KCRA 3,kcra.com/
Keloland,keloland.com/
KNOE,knoe.com/
KSNT,ksnt.com/
Midland Daily News,ourmidland.com/
Shreveport Times,shreveporttimes.com/
Statesman,statesman.com/
Upper Michigan Source,uppermichiganssource.com/
Valley News,valleynewslive.com/
Winona Daily News,winonadailynews.com/
WJHG,wjhg.com/
WLNS,wlns.com/
WSAV,wsav.com/
WTRF,wtrf.com
Arkansas News,arkansasnews.com/
CBS 58,cbs58.com/
Fox 13 Memphis,fox13memphis.com/
Fox 23 News,fox23.com/
KMVT,kmvt.com/
KTVN,ktvn.com/
NBC 2,nbc-2.com/
SF Examiner,sfexaminer.com/
WNCN,wncn.com/
WPBF,wpbf.com/
KGAN,cbs2iowa.com/
Columbus Telegram,columbustelegram.com/
Idaho News,idahonews.com/
TDN,tdn.com/
Trib Live,triblive.com/
Citizen Tribune,citizentribune.com/
Juneau Empire,juneauempire.com/
KARK,kark.com/
KMVT,kmvt.com/
KYMA,kyma.com/
News Center Maine,newscentermaine.com/
Post Independent,postindependent.com/
Daily Comet,dailycomet.com/
KDRV,kdrv.com/
KEYC,keyc.com/
KJRH,kjrh.com/
KTVQ,ktvq.com/
Star Gazette,stargazette.com/
Zanesville Times Recorder,zanesvilletimesrecorder.com/
ABC 30,abc30.com/
Fremont Tribune,fremonttribune.com/
Lex 18,lex18.com/
Lompoc Record,lompocrecord.com/
Magic Valley,magicvalley.com/
My Fox 8,myfox8.com/
Trib,trib.com/
WN,wn.com/
Boston 25 news,boston25news.com/
CB Insights,cbinsights.com/
Citizen Times,citizen-times.com/
Express News,expressnews.com/
Fox 16,fox16.com/
Fox 21 News,fox21news.com/
Morning Journal,morningjournal.com/
Pasadena Star News,pasadenastarnews.com/
Redding,redding.com/
Denver 7,thedenverchannel.com/
The Gazette,thegazette.com/
Washingtonian,washingtonian.com/
Wesh 2,wesh.com/
Western Journal,westernjournal.com/
Wood TV,woodtv.com/
WXOW,wxow.com/
Daily Chronicle,daily-chronicle.com/
KASA,kasa.com/
Observer Today,observertoday.com/
WTMJ,wtmj.com/
EyeWitness,abc7ny.com/
Atlanta Black Star,atlantablackstar.com/
Beatrice Daily Sun,beatricedailysun.com/
Muscatine Journal,muscatinejournal.com/
Napa Valley Register,napavalleyregister.com/
Big Country Homepage,bigcountryhomepage.com/
The Denver Post,denverpost.com/
Herald Tribune,heraldtribune.com/
KGET,kget.com/
KTNV,ktnv.com/
NBC Philadelphia,nbcphiladelphia.com/
Press Citizen,press-citizen.com/
Texas Monthly,texasmonthly.com/
WCBI,wcbi.com/
WTSP,wtsp.com/
CBS 6 Albany,cbs6albany.com/
News 2,counton2.com/
KTEN,kten.com/
KTEN,kten.com/
News 4 San Antonio,news4sanantonio.com/
Portland Tribune,portlandtribune.com/
The Southern,thesouthern.com/
WGXA,wgxa.tv/
13 News Now,13newsnow.com/
ABQ Journal,abqjournal.com/
Boston Magazine,bostonmagazine.com/
City Journal,city-journal.org/
KFYR TV,kfyrtv.com/
KOB 4,kob.com/
OC Weekly,ocweekly.com/
Philly Voice,phillyvoice.com/
The News Tribune,thenewstribune.com/
WJCL,wjcl.com/
City of Madison,cityofmadison.com/
Evening Sun,eveningsun.com/
Fox 17 Nashville,fox17.com/
Hattiesburg American,hattiesburgamerican.com/
NBC Montana,nbcmontana.com/
The Dickinson Press,thedickinsonpress.com/
The Garden Island,thegardenisland.com/
WPSD Local 6,wpsdlocal6.com/
AZ Daily Sun,azdailysun.com/
CBS Austin,cbsaustin.com/
Elko Daily,elkodaily.com/
KMPH,kmph.com/
MT Standard,mtstandard.com/
NBC Montana,nbcmontana.com/
Ravalli Republic,ravallirepublic.com/
10 TV,10tv.com/
Austin 360,austin360.com/
CBS 19,cbs19.tv/
Gazette Times,gazettetimes.com/
Great Bend Tribune,gbtribune.com/
Herald Democrat,heralddemocrat.com/
IBJ,ibj.com/
NBC Los Angeles,nbclosangeles.com/
Reno Gazette Journal,rgj.com/
San Diego Reader,sandiegoreader.com/
Wilmington Star News,starnewsonline.com/
The Intelligencer,theintelligencer.com/
The Oakland Press,theoaklandpress.com/
WPSD Local 6,wpsdlocal6.com/
WUSA,wusa9.com/
ABC News 4,abcnews4.com/
CBS 42,cbs42.com/
Federal Times,federaltimes.com/
Fox 2 Now,fox2now.com/
KRMG,krmg.com/
NBC 26,nbc26.com/
Nevada Appeal,nevadaappeal.com/
The Baynet,thebaynet.com/
Daily Journal Online,dailyjournalonline.com/
Fox 2 Now,fox2now.com/
Fox Baltimore,foxbaltimore.com/
Pix 11,pix11.com/
Q13 Fox,q13fox.com/
Up North Live,upnorthlive.com/
WACH,wach.com/
CBS 17,cbs17.com/
The Columbus Dispatch,dispatch.com/
WTLV,firstcoastnews.com/
Santa Barbara Independent,independent.com/
NBC 26,nbc26.com/
Ruidoso News,ruidosonews.com/
WBTW,wbtw.com/
WHAS 11,whas11.com/
THe Leaf Chronicle,theleafchronicle.com
ABC 57,abc57.com/
Nashville Post,nashvillepost.com/
NBC 29,nbc29.com/
WAND TV,wandtv.com/
WIBC,wibc.com/
Fox 6 Now,fox6now.com/
WGNO,wgno.com/
ABC 27,abc27.com/
The Daily Signal,dailysignal.com/
The Island Packet,islandpacket.com/
Palm Beach Daily News,palmbeachdailynews.com/
Palo Alto Online,paloaltoonline.com/
Atlanta Magazine,atlantamagazine.com/
Bakersfield Now,bakersfieldnow.com/
Crains Cleveland,crainscleveland.com/
KFBB,kfbb.com/
KOAM TV,koamtv.com/
KSPR,kspr.com/
The News Star,thenewsstar.com/
WDEF,wdef.com/
WICZ,wicz.com/
Bakersfield Now,bakersfieldnow.com/
Federal News Network,federalnewsnetwork.com/
KXLH,kxlh.com/
WCHS TV,wchstv.com/
WDEF,wdef.com/
25 News,week.com/
WFTS,abcactionnews.com/
The Repository,cantonrep.com/
CBS 46,cbs46.com/
KGWN,kgwn.tv/
KVRR,kvrr.com/
MyTwinTiers,mytwintiers.com/
NBC Miami,nbcmiami.com/
PJ Star,pjstar.com/
Washington City Paper,washingtoncitypaper.com/
WEAU 13,weau.com/
My Northwest,mynorthwest.com/
Democrat Herald,democratherald.com/
Dover Post,doverpost.com/
Jackson Free Press,jacksonfreepress.com/
JD News,jdnews.com/
Kait 8,kait8.com/
News Sentinel,news-sentinel.com/
WUWM,wuwm.com/
WVXU,wvxu.org/
Democrat Herald,democratherald.com/
Pacific Standard,psmag.com/
The T and D,thetandd.com/
The BellingHam Herald,bellinghamherald.com/
The Clarion Ledger,clarionledger.com/
The Fresno Bee,fresnobee.com/
KGNS,kgns.tv/
LMT Online,lmtonline.com/
Wink TV,winknews.com/
Independent Mail,independentmail.com/
Inside Indiana Business,insideindianabusiness.com/
KIII TV,kiiitv.com/
MS News Now,msnewsnow.com/
SF Weekly,sfweekly.com/
WFXG,wfxg.com/
WIAT,wiat.com/
WSFA 12,wsfa.com/
WSIL TV,wsiltv.com/
The Daily Gazette,dailygazette.com/
Fox San Antonio,foxsanantonio.com/
JG TC,jg-tc.com/
KTVH,ktvh.com/
KXLF,kxlf.com/
Nebraska TV,nebraska.tv/
WTOV 9,wtov9.com/
Arl Now,arlnow.com/
The Bulletin,bendbulletin.com/?referrer=logo
Central Maine,centralmaine.com/
Fox 47 News,fox47news.com/
KETV 7,ketv.com/
KGW8,kgw.com/
KMOV 4,kmov.com/
Detroit Metro Times,metrotimes.com/
TMJ 4,tmj4.com/
Action 4 News,wtae.com/
Fox 47,fox47.com/
WPDH,wpdh.com/
Fox 34,fox34.com/
Hometown Life,hometownlife.com/
Kinston,kinston.com/
NBC Right Now,nbcrightnow.com/
Shepherd Express,shepherdexpress.com/
WFLX,wflx.com/
WIS 10,wistv.com/
WRCB TV,wrcbtv.com/
The Journal Times,journaltimes.com/
KEPR TV,keprtv.com/
Chicago Business,chicagobusiness.com/
Enca,enca.com/
The Greenville News,greenvilleonline.com/
The Mercury News,mercurynews.com/
Minn Post,minnpost.com/
The Sacramento Bee,sacbee.com/
The Indy Channel,theindychannel.com/
The Maven,themaven.net/
WRAL 5,wral.com/
ABC Fox Montana,abcfoxmontana.com/
KSLA 12,ksla.com/
The Middletown Press,middletownpress.com/
Seattle Weekly,seattleweekly.com/
The Spokesman Review,spokesman.com/
WNKY,wnky.com/
The Durango Herald,durangoherald.com/
KATU 2,katu.com/
Siouxland News,siouxlandnews.com/
News 1130,citynews1130.com/
The Fayetteville Observer,fayobserver.com/
KSBW,ksbw.com/
The Salt Lake Tribune,sltrib.com/
washington blade,washingtonblade.com/
WFTV 9,wftv.com/
WJTV 12,wjtv.com/
WKRN COM,wkrn.com/
Access Atlanta,accessatlanta.com
WBLM,wblm.com/
The Evening Tribune,eveningtribune.com/
LA Business Journal,labusinessjournal.com/
Memphis Daily News,memphisdailynews.com/
The Hoya,thehoya.com/
KRCG TV,krcgtv.com/
NBC 24,nbc24.com/
WFXL,wfxl.com/
13 WREX,wrex.com/
EE Times,eetimes.com/
The Wichita Eagle,kansas.com/
Marco Eagle,marconews.com/
KKCO 11 News,nbc11news.com/
WLWT5,wlwt.com/
WNCT 9,wnct.com/
WPTV 5,wptv.com/
760 KFMB,760kfmb.com/
Brooklyn Daily Eagle,brooklyneagle.com/
Colorado Independent,coloradoindependent.com/
The Daily Texan,dailytexanonline.com/
Fox19 now,fox19.com/
KY3,ky3.com/
The DP,thedp.com/
WMAR 2 News,wmar2news.com/
ABC 6 On Your Side,abc6onyourside.com/
NBC 25 News,nbc25news.com/
The Texas Tribune,texastribune.org/
Carolina Journal,carolinajournal.com/
CL Tampa,cltampa.com/
Northwest Georgia News,northwestgeorgianews.com/
Northwest Arkansas Democrat Gazette,nwaonline.com/
Fox Illinois,foxillinois.com/
The World Link,theworldlink.com/
Florida Trend,floridatrend.com/
KBTX,kbtx.com/
KIVI TV,kivitv.com/
KXII News 12,kxii.com/
The News & Observer,newsobserver.com/
KATR,ktar.com/
Barnstable Patriot,barnstablepatriot.com/
Chicago Now,chicagonow.com/
Pamplin Media,pamplinmedia.com/
The Register Citizen,registercitizen.com/
My News 4,mynews4.com/
JC Online,jconline.com/
KTSM 9,ktsm.com/
News Center 1,newscenter1.tv/
WILX 10,wilx.com/
5280,5280.com/
The San Diego Union Tribune,sandiegouniontribune.com/
KPLR 11,kplr11.com/
New Orleans City Business,neworleanscitybusiness.com/
The News Center,thenewscenter.tv/
WSAZ 3,wsaz.com/
WWAY 3,wwaytv3.com/
KITV 4,kitv.com/
SNJ Today,snjtoday.com/
Klew TV,klewtv.com/
The Montgomery Advertiser,montgomeryadvertiser.com/
Boston 10,nbcboston.com/
WSB TV 2,wsbtv.com/
4029 TV,4029tv.com/
Daily Free Press,dailyfreepress.com/
The Virginia Gazette,vagazette.com/
The Island Now,theislandnow.com/
My NBC 5,mynbc5.com/
QBN,qbn.com/
River Front Times,riverfronttimes.com/
KNUE,knue.com/
Royal Oak Tribune,dailytribune.com/
Hartford Business,hartfordbusiness.com/
KSBY,ksby.com/
570 News,570news.com/
Kit CO,kitco.com/
Local DVM,localdvm.com/
NBC 4i,nbc4i.com/
The Poughkeepsie Journal,poughkeepsiejournal.com/
13 WTHR,wthr.com/
1057 The Hawk,1057thehawk.com/
KOAA,koaa.com/
Greanville Post,greanvillepost.com/
Sentinel Colorado,sentinelcolorado.com/
Western Slope Now,westernslopenow.com/
16 WNDU,wndu.com/
The State Press,statepress.com/
Fox Reno,foxreno.com/
Herald Net,heraldnet.com/
Michigans Thumb,michigansthumb.com/
My AJC,myajc.com/
WCAX3,wcax.com/
The Daily Illini,dailyillini.com/
CW 33,cw33.com/
41 WMGT,41nbc.com/
La Progressive,laprogressive.com/
Minyanville,minyanville.com/
San Francisco CBS Local,sanfrancisco.cbslocal.com/
1034 Kiss FM Boise,1035kissfmboise.com/
KDAT,kdat.com/
RDF TV,rfdtv.com/
6 KFDM,kfdm.com/
New Channel 20,newschannel20.com/
4 Washington,nbcwashington.com/
WYFF 4,wyff4.com/
Your Central Valley,yourcentralvalley.com/
Fairfield Citizen Online,fairfieldcitizenonline.com/
My Palm Beach Post,mypalmbeachpost.com/
12 WPRI,wpri.com/
My Fox Carolinas,fox46charlotte.com/
Binghamtone,binghamtonhomepage.com/
Philadelphia Mag,phillymag.com/
HNGN,hngn.com/
KTVQ,ktvq.com/
7 WXYZ,wxyz.com/
WTHI TV,wthitv.com/
Del Rion News Herald,delrionewsherald.com/
River Grand Rapids,rivergrandrapids.com/
1027 KORD,1027kord.com/
1063 Cowbow Country,1063cowboycountry.com/
8 KPAX,kpax.com/
News 8 Channel,wfla.com/
7 KLTV,kltv.com/
8 Las Vegas Now,lasvegasnow.com/
WK TV,wktv.com/
Wired New York,wirednewyork.com/
The Berkeley Daily Planet,berkeleydailyplanet.com/
Fox 14 TV,fox14tv.com/
Fox San Antonio,foxsanantonio.com/
Hawaii Reporter,hawaiireporter.com/
KR TV,krtv.com/
Oakland Net,oaklandnet.com/
The Liberty Beacon,thelibertybeacon.com/
KU TV,kutv.com/
KWWL,kwwl.com/
Sacramento Press,sacramentopress.com/
Shadow Proof,shadowproof.com/
3 KMTV News Now,3newsnow.com/
KJRH,kjrh.com/
KKTV,kktv.com/
KOAT Action 7,koat.com/
News 965,news965.com/
University Herald,universityherald.com/
Eye Witness 3,wfsb.com/
WLTZ 38,wltz.com/
13 WOWK,wowktv.com/
WY TV,wytv.com/
KR TV,krtv.com/
KXLH,kxlh.com/
1011 Now,1011now.com/
KBMT,12newsnow.com/
13 ABC,13abc.com/
360 Nobs,360nobs.com/
9 and 10 News,9and10news.com/
The Baltimore Sun,baltimoresun.com/
CBS 8,cbs8.com/
City Beat,citybeat.com/
Cleveland 19,cleveland19.com/
The Courier-Tribune,courier-tribune.com/
The Daily Northwestern,dailynorthwestern.com/
Denver CBS Local,denver.cbslocal.com/
Dallas Fort-Worth,dfw.cbslocal.com/
My Fox Phoenix,fox10phoenix.com/
Fox 10 TV,fox10tv.com/
Foox 11 Online,fox11online.com/
My Fox Houston,fox26houston.com/
My Fox Philly,fox29.com/
My Fox Chicago,fox32chicago.com/
My Fox Orlando,fox35orlando.com/
Fox 4 Now,fox4now.com/
My Fox DC,fox5dc.com/
My Fox Austin,fox7austin.com/
Fox 8 Live,fox8live.com/
My Fox 9,fox9.com/
My Fox LA,foxla.com/
The Gadsden Time,gadsdentimes.com/
Gazette Xtra,gazettextra.com/
Go Erie,goerie.com/
Hometown Station,hometownstations.com/
KFVS 12,kfvs12.com/
KGUN 9,kgun9.com/
8 KPAX,kpax.com/
KPLC TV,kplctv.com/
7 ABC,kswo.com/
KULR 8,kulr8.com/
Kusi,kusi.com/
Live WCSC 5,live5news.com/
MPN Now,mpnnow.com/
My Dayton Daily News,mydaytondailynews.com/
NBC 12,nbc12.com/
News Channel 6 Now,newschannel6now.com/
Newson 6,newson6.com/
News Press Now,newspressnow.com/
NJ Biz,njbiz.com/
OKC Fox,okcfox.com/
Radia Iowa,radioiowa.com/
Reporter News,reporternews.com/
St. George Utah,stgeorgeutah.com/
SW Times,swtimes.com/
The Californian,thecalifornian.com/
The Hour,thehour.com/
The Times News,thetimesnews.com/
THV 11,thv11.com/
Trib Town,tribtown.com/
Turn to 23,turnto23.com/
VV Daily Press,vvdailypress.com/
WAFB9,wafb.com/
16 ABC,wapt.com/
Wave3 News,wave3.com/
6 WBRC,wbrc.com/
WENY,weny.com/
West Hawii Today,westhawaiitoday.com/
WJTV 12,wjtv.com/
WM Action News 5,wmcactionnews5.com/
WPTA 21,wpta21.com/
WWAY 3,wwaytv3.com/
WWNY TV,wwnytv.com/
Your Central Valley,yourcentralvalley.com/
13 WHAM,13wham.com/
5 News Online,5newsonline.com/
ABC 11,abc11.com/
ABC 13,abc13.com/
ABC 22 Now,abc22now.com/
ABC 3340,abc3340.com/
Auburn Pub,auburnpub.com/
CBS 12,cbs12.com/
CBS 4 Indy,cbs4indy.com/
CNY Central,cnycentral.com/
Coin Telegraph,cointelegraph.com/
Cumber Link,cumberlink.com/
CW 39,cw39.com/
Foox 11 Online,fox11online.com/
Fox 13 Now,fox13now.com/
Fox 17 Nashville,fox17.com/
Fox 17 Online,fox17online.com/
Fox 42 KPTM,fox42kptm.com/
Fox 43,fox43.com/
Fox 45 Now,fox45now.com/
Fox 4 KC,fox4kc.com/
Helen Air,helenair.com/
Herdald Review,herald-review.com/
Indy week,indyweek.com/
6 KBJR,kbjr6.com/
11 KCBY,kcby.com/
KFOX TV,kfoxtv.com/
KNECT 365,knect365.com/
OBI 5,kobi5.com/
4 KPIC,kpic.com/
KRCR TV,krcrtv.com/
Kris TV,kristv.com/
13 KVAL,kval.com/
News 4 Tucson KVOA,kvoa.com/
KZ TV 10,kztv10.com/
Lacrosse Tribune,lacrossetribune.com/
Leth Bridge Herald,lethbridgeherald.com/
Local 21 News,local21news.com/
My CBS 4,mycbs4.com/
My Fox 28 Columbus,myfox28columbus.com/
My NBC 15,mynbc15.com/
NBC 16,nbc16.com/
News 3lv,news3lv.com/
CBS 2,newyork.cbslocal.com/
OKC Fox,okcfox.com/
3 CBS Philly,philadelphia.cbslocal.com/
2 CBS Pittsburgh,pittsburgh.cbslocal.com/
QC Online,qconline.com/
QC Times,qctimes.com/
Signal SCV,signalscv.com/
4 Valley Central,valleycentral.com/
WBNG,wbng.com/
WCF Courier,wcfcourier.com/
WHN TV,wgntv.com/
6 WJAC,wjactv.com/
10news,10news.com/
13 WMAZ,13wmaz.com/
ABC 10,abc10.com/
Actions News Jax,actionnewsjax.com/
Arkansas Times,arktimes.com/
AZ Family,azfamily.com/
Belle News,bellenews.com/
The Boston Globe,bostonglobe.com/
Cleaveland,cleveland.com/
Cleve Scene,clevescene.com/
Click Orlando,clickorlando.com/
Costarican Times,costaricantimes.com/
The Courier-Journal,courier-journal.com/
Courier Post Online,courierpostonline.com/
Crains Detroit Business,crainsdetroit.com/
Dessert News,deseretnews.com/
The Detroit News,detroitnews.com/
Fox 10 TV,fox10tv.com/
Fox 13 Memphis,fox13memphis.com/
Fox 21 Online,fox21online.com/
Fox 4 Now,fox4now.com/
Fox 5 KVVU,fox5vegas.com/
The Herald Sun,heraldsun.com/
The Kansas City Star,kansascity.com/
KCCI8,kcci.com/
KCEN TV,kcentv.com/
KCTV 5,kctv5.com/
Khon 2,khon2.com/
Kion Right Now,kion546.com/
KOIN6,koin.com/
6 KPVI,kpvi.com/
KRON4,kron4.com/
2KTUU,ktuu.com/
10 KWTX,kwtx.com/
LA Mag,lamag.com/
LCSUN News,lcsun-news.com/
Lebanbon Democrat,lebanondemocrat.com/
Morning Star,morningstar.com/
My Arklamiss,myarklamiss.com/
My Champlain Valley,mychamplainvalley.com/
My High Plains,myhighplains.com/
My Journal Courier,myjournalcourier.com/
My ND Now,myndnow.com/
My Plain New,myplainview.com/
My San Antionio,mysanantonio.com/
My State Line,mystateline.com/
My Wabash Valley,mywabashvalley.com/
NBC Connecticut,nbcconnecticut.com/
NBC DFW,nbcdfw.com/
NBV Newyork 4,nbcnewyork.com/
7 San Diego,nbcsandiego.com/
News Herald,news-herald.com/
News 5 Clevand,news5cleveland.com/
News Channel 5,newschannel5.com/
News Times,newstimes.com/
NJ.com,nj.com/
NWA Homepage,nwahomepage.com/
NW Herald,nwherald.com/
The Orange County Register,ocregister.com/
PA Homepage,pahomepage.com/
Post-Crescent Media,postcrescent.com/
Seattle Business Mag,seattlebusinessmag.com/
STL Today,stltoday.com/
TG Daily,tgdaily.com/
The Herald News,theherald-news.com/
The North Western,thenorthwestern.com/
The Odssey Online,theodysseyonline.com/
Timesfree Press,timesfreepress.com/
10Wavy,wavy.com/
WBAY,wbay.com/
WBBJ TV,wbbjtv.com/
12 WBOY,wboy.com/
WDBJ 7,wdbj7.com/
WF My News 2,wfmynews2.com/
10 WHEC,whec.com/
WISC News,wiscnews.com/
WKYC3,wkyc.com/
7 WSAW,wsaw.com/
WSOC TV,wsoctv.com/
CBS FOX 59,wvnstv.com/
WWL TV,wwltv.com/
KOTA TV,kotatv.com
Fowler Tribune,fowlertribune.com
NCAT Register,ncatregister.com
KCRW,kcrw.com
KQED,kqed.org/