CNN,cnn.com/
MSN,msn.com/
Huffington Post,huffingtonpost.com/
Yahoo! News,yahoo.com/
USA Today,usatoday.com/
CNBC,cnbc.com/
NY Post,nypost.com/
NBC News,nbc.com/
MSNBC,msnbc.com/
ABC News,abcnews.com/
BBC,bbc.com/
BuzzFeed,buzzfeed.com/
CBS News,cbs.com/
NPR,npr.org/
NY Daily News,nydailynews.com/
Bloomberg,bloomberg.com/
The Guardian,theguardian.com/
Reuters,reuters.com/
Marketplace,marketplace.org/
WSJ,wsj.com/
Boston,boston.com/
LA Times,latimes.com/
CNN Money,money.cnn.com/
Chicago Tribune,chicagotribune.com/
Entrepreneur,entrepreneur.com/
Seattle Times,seattletimes.com/
AARP,aarp.org/
Nasdaq,nasdaq.com/
US News,usnews.com/
Vice,vice.com/
Boston Globe,bostonglobe.com/
The New York Times,nytimes.com/
CNET,cnet.com/
Today,today.com/
Business Insider,businessinsider.com/
Forbes,forbes.com/
The Washington Post,washingtonpost.com/
The Verge,theverge.com/
Seeking Alpha,seekingalpha.com/
Fox Business,foxbusiness.com/
Car and Driver,caranddriver.com/
Philly,philly.com/
Associated Press,apnews.com/
Time Magazine,time.com/
Engadget,engadget.com/
Investopedia,investopedia.com/
TechCrunch,techcrunch.com/
Chron,chron.com/
Wired,wired.com/
Financial Times,ft.com/
Barronâ€™s,barrons.com/
Mercury News,mercurynews.com/
Motor Trend,motortrend.com/
Flipboard,flipboard.com/
San Francisco Chronicle,sfchronicle.com/
Parents,parents.com/
Parade,parade.com
Fool,fool.com/
The Nest,thenest.com/
Boing Boing,boingboing.net/
Kiplinger,kiplinger.com/
Elliott,elliott.org/
Android Central,androidcentral.com/
Askmen,askmen.com/
NBR,nbr.com/
Business Wire,businesswire.com/
Business Week,businessweek.com/
Benzinga,benzinga.com/
Digital Journal,digitaljournal.com/
The Cheat Sheet,cheatsheet.com/
Super Chevy,superchevy.com/
Black Enterprise Magazine,blackenterprise.com/
Financial Advisor Magazine,fa-mag.com/
Auto Week,autoweek.com/
Metro US,metro.us/
Blasting News,blastingnews.com/
Realty Times,realtytimes.com/
This is Insider,thisisinsider.com/
Insurance News Net,insurancenewsnet.com/
Quick and Dirty Tips,quickanddirtytips.com/
The Fiscal Times,thefiscaltimes.com/
Global Banking & Finance,globalbankingandfinance.com/
Biz Community,bizcommunity.com/
Bit Rebels,bitrebels.com/
IT Business Net,itbusinessnet.com/
SFGate,sfgate.com/
New Yorker,newyorker.com/
Market Watch,marketwatch.com/
Biz Journals,bizjournals.com/
Arstechnica,arstechnica.com/
Life Hacker,lifehacker.com/
CS Monitor,csmonitor.com/
IB Times,ibtimes.com/
Pop Sugar,popsugar.com/
News Day,newsday.com/
The Street,thestreet.com/
Curbed,curbed.com/
Good House Keeping,goodhousekeeping.com/
Consumerist,consumerist.com/
Before Its News,beforeitsnews.com/
Auto Mobile Magazine,automobilemag.com/
Super Street Online,superstreetonline.com/
Clark,clark.com
Lifehacker - Two Cents,twocents.lifehacker.com/
Home Business Magagazine,homebusinessmag.com/
Bang Shift,bangshift.com/
Parade.com,parade.com/
CR We World,crweworld.com/
Quick and Dirty Tips,www.quickanddirtytips.com/
AOL,www.aol.com/
CBS News,cbsnews.com
Yahoo! Finance,finance.yahoo.com
Go.com,go.com
NBC News,nbcnews.com
CBS Local,cbslocal.com
Digital Trends,digitaltrends.com
Fox News,foxnews.com
iHeart,iheart.com
Lonley Planet,lonelyplanet.com
Yahoo! News,news.yahoo.com
Globe and Mail,theglobeandmail.com
The Balance,thebalance.com
Slash Dot,slashdot.org
Inquirer,inquirer.com
Life Hack,lifehack.org
Best Seven Reviews,bestsevenreviews.com
Complex,complex.com
Insider.com,insider.com
Breitbart,breitbart.com
The Intercept,theintercept.com
Multi-Briefs,multibriefs.com
The Worlds News,theworldnews.net
Considerable.com,considerable.com
Econotimes,econotimes.com
Cu-Insights,cuinsight.com
Insurance Thought Leadership,insurancethoughtleadership.com
Legal Examiner,legalexaminer.com
USA Attorneys,usattorneys.com
Motor Week,motorweek.org
Travelwire News,travelwirenews.com
Advisor News,advisornews.com
Coverager,coverager.com
DMagazine,dmagazine.com
NECN,necn.com
Inside Hook,insidehook.com
Vents Magazine,ventsmagazine.com
Claims Journal,claimsjournal.com
Demotix,demotix.com
News Blze,newsblaze.com
T2 Online,t2conline.com
Consumer Watchdog,consumerwatchdog.org