ID,Brand Name,URL,Ahrefs Source,Domain Type,Search Volume,CPC
1,Value Penguin,valuepenguin.com,,Business Focused (BF),700,-
2,Nerdwallet,nerdwallet.com,,Business Focused (BF),"240,000",$1.60
3,Allstate,allstate.com,Acquired,Business Focused (BF),"888,000",$2.50
4,eHealth Insurance,ehealthinsurance.com,,Business Focused (BF),"1,200",$4.50
5,Nationwide,nationwide.com,,Business Focused (BF),"281,000",$1.80
6,The Zebra,thezebra.com,,Business Focused (BF),"14,000",$0.45
7,Esurance,esurance.com,,Business Focused (BF),"316,000",$1.60
8,Policy Genius,policygenius.com,,Business Focused (BF),"18,000",$3.00
9,CheapCarInsurance.net,cheapcarinsurance.net,,Business Focused (BF),40,$30.00
10,Quote Wizard,quotewizard.com,,Business Focused (BF),"1,800",$4.00
11,Geico,geico.com,,Business Focused (BF),"2,600,000",$3.00
12,Trusted Choice,trustedchoice.com,,Business Focused (BF),"2,000",$3.00
13,Insurance.com,insurance.com,,Business Focused (BF),500,$16.00
14,Insure.com,insure.com,,Business Focused (BF),400,$15.00
15,State Farm,statefarm.com,,Business Focused (BF),"1,490,000",$1.30
16,Progressive,progressive.com,,Business Focused (BF),"2,320,000",$0.80
17,CarInsurance.com,carinsurance.com,,Business Focused (BF),250,$40.00
18,Liberty Mutual,libertymutual.com,,Business Focused (BF),"615,000",$1.30
19,Humana,humana.com,,Business Focused (BF),"393,000",$3.00
20,United Health Care,uhc.com,,Business Focused (BF),"125,000",$4.00
21,Farmers,farmers.com,,Business Focused (BF),"106,000",$1.70
22,Insureon,insureon.com,,Business Focused (BF),"5,100",$2.50
23,Cigna,cigna.com,,Business Focused (BF),"488,000",$0.60
24,DentalPlans.com,dentalplans.com,,Business Focused (BF),"3,800",$6.00
25,CarInsuranceComparison.com,carinsurancecomparison.com,,Business Focused (BF),10,-
26,Safe Auto,safeauto.com,,Business Focused (BF),"48,000",$4.50
27,Bank Rate,bankrate.com,,Business Focused (BF),"29,000",$1.70
28,4 Auto Insurance Quote,4autoinsurancequote.com,,Business Focused (BF),10,-
29,The Hartford,thehartford.com,,Business Focused (BF),"88,000",$3.00
30,EffectiveCoverage.com,effectivecoverage.com,,Business Focused (BF),-,-
31,Auto Insurance Ez,autoinsuranceez.com,,Business Focused (BF),-,-
32,Term Life 2 Go,termlife2go.com,,Business Focused (BF),20,$12.00
33,People Keep,peoplekeep.com,,Business Focused (BF),"1,000",-
34,Acceptance Insurance,acceptanceinsurance.com,,Business Focused (BF),"22,000",$3.50
35,AutoInsurance.org,autoinsurance.org,,Business Focused (BF),-,-
36,Delta Dental Insurance,deltadentalins.com,,Business Focused (BF),"56,000",$3.50
37,Med Mutual,medmutual.com,,Business Focused (BF),"1,500",$0.70
38,UHone,uhone.com,,Business Focused (BF),"4,500",$1.10
39,USInsuranceAgents.com,usinsuranceagents.com,,Business Focused (BF),-,-
40,Freeway Insurance,freewayinsurance.com,,Business Focused (BF),"37,000",$7.00
41,Hiscox,hiscox.com,,Business Focused (BF),"24,000",$2.00
42,Insurify,insurify.com,,Business Focused (BF),"4,500",$1.00
43,Direct General,directgeneral.com,,Business Focused (BF),"19,000",$2.50
44,Anthem,anthem.com,,Business Focused (BF),"1,070,000",$2.50
45,iHealth Agents,ihealthagents.com,,Business Focused (BF),-,-
46,Healthe Deals,healthedeals.com,,Business Focused (BF),-,-
47,V Home Insurance,vhomeinsurance.com,,Business Focused (BF),-,-
48,Aetna,aetna.com,,Business Focused (BF),"728,000",$0.70
49,E Insurance,einsurance.com,,Business Focused (BF),"3,400",$9.00
50,Allianz Travel Insurance,allianztravelinsurance.com,,Business Focused (BF),"62,000",$2.00
51,Mercury Insurance,mercuryinsurance.com,,Business Focused (BF),"135,000",$6.00
52,Fit Small Business,fitsmallbusiness.com,,Business Focused (BF),"1,400",$4.50
53,Everyquote,everquote.com,,Business Focused (BF),150,-
54,Insure My Trip,insuremytrip.com,,Business Focused (BF),"6,100",$2.00
55,Spirit Dental,spiritdental.com,,Business Focused (BF),"4,700",$1.40
56,Good 2 Go,good2go.com,,Business Focused (BF),"2,500",$2.50
57,Cover Hound,coverhound.com,,Business Focused (BF),200,$0.25
58,Quote Inspector,quoteinspector.com,,Business Focused (BF),-,-
59,Clear Insurance,clearsurance.com,,Business Focused (BF),80,$14.00
60,Alpha Dental Plan,alphadentalplan.com,,Business Focused (BF),90,$5.00
61,Erie Insurance,erieinsurance.com,,Business Focused (BF),"226,000",$4.00
62,JRC Insurance Group,jrcinsurancegroup.com,,Business Focused (BF),80,$4.50
63,American Association for Long Term Care Insurance,aaltci.org,,Business Focused (BF),90,$9.00
64,Blue Cross Blue Shield,bcbs.com,,Business Focused (BF),"648,000",$3.50
65,Insubuy,insubuy.com,,Business Focused (BF),"8,600",$4.50
66,Covered California (Covered CA),coveredca.com,,Government Establishment (GE),"351,000",$4.00
67,First Quote Health,firstquotehealth.com,,Business Focused (BF),400,$2.50
68,True Blue Life Insurance,truebluelifeinsurance.com,,Business Focused (BF),250,$18.00
69,BuyAutoInsurance.com,buyautoinsurance.com,,Business Focused (BF),-,-
70,Go Health Insurance,gohealthinsurance.com,,Business Focused (BF),250,$4.00
71,ASPCA Pet Insurance,aspcapetinsurance.com,,Business Focused (BF),"16,000",$1.50
72,NCQA,ncqa.org,,Business Focused (BF),"9,600",$11.00
73,Healthy Paw Pet Insurance,healthypawspetinsurance.com,,Business Focused (BF),200,$3.00
74,Embrace Pet Insurance,embracepetinsurance.com,,Business Focused (BF),"28,000",$2.50
75,PetInsuranceReview,petinsurancereview.com,,Business Focused (BF),200,$8.00
76,AMFAM,amfam.com,,Business Focused (BF),"44,000",$1.00
77,Health for California,healthforcalifornia.com,,Government Establishment (GE),150,$2.50
78,DeltaInsurance.com,dentalinsurance.com,,Business Focused (BF),20,-
79,PetInsurance.com,petinsurance.com,,Business Focused (BF),500,-
80,InternationalInsurance.com,internationalinsurance.com,,Business Focused (BF),-,-
81,Blue Cross Blue Shield,bcbsm.com,,Business Focused (BF),"12,000",$3.50
82,Travelers,travelers.com,,Business Focused (BF),"150,000",$0.80
83,Safeco,safeco.com,,Business Focused (BF),"117,000",$1.20
84,Square Mouth,squaremouth.com,,Business Focused (BF),"1,400",$0.70
85,The General,thegeneral.com,,Business Focused (BF),"159,000",$8.00
86,Shelter Insurance,shelterinsurance.com,,Business Focused (BF),"46,000",$2.50
87,Metlife,metlife.com,,Business Focused (BF),"240,000",$3.00
88,AIG Direct,aigdirect.com,,Business Focused (BF),"4,800",$7.00
89,Wallet Hub,wallethub.com,,Business Focused (BF),"4,600",$0.08
90,PetInsuranceQuotes.com,petinsurancequotes.com,,Business Focused (BF),-,-
91,Mutual of Omaha,mutualofomaha.com,,Business Focused (BF),"112,000",$5.00
92,RentersInsurance.net,rentersinsurance.net,,Business Focused (BF),10,-
93,Insurance Panda,insurancepanda.com,,Business Focused (BF),200,$3.50
95,Trupanion,trupanion.com,,Business Focused (BF),"59,000",$0.90
96,Cars Direct,carsdirect.com,,Business Focused (BF),"13,000",$0.70
97,Haven Life,havenlife.com,,Business Focused (BF),"4,000",$3.50
98,Take Command Health,takecommandhealth.com,,Business Focused (BF),"1,700",-
99,Cover Wallet,coverwallet.com,,Business Focused (BF),"2,300",-
100,BestLifeRates.org,bestliferates.org,,Business Focused (BF),-,-
101,LifeAnt,lifeant.com,,Business Focused (BF),-,-
102,Travel Guard,travelguard.com,,Business Focused (BF),"28,000",$2.00
103,TravelInsurance.com,travelinsurance.com,,Business Focused (BF),600,$7.00
104,Health Plan One,healthplanone.com,,Business Focused (BF),300,$4.00
105,The Truth About Insurance,thetruthaboutinsurance.com,,Business Focused (BF),-,-
106,USAA,usaa.com,,Business Focused (BF),"2,590,000",$0.15
107,Home Insurance King,homeinsuranceking.com,,Business Focused (BF),30,$16.00
108,Protective,protective.com,,Business Focused (BF),"11,000",-
109,CheapAutoInsurance.org,cheapautoinsurance.org,,Business Focused (BF),10,-
110,Money Super Market,moneysupermarket.com,,Business Focused (BF),150,$25.00
111,Colonial Penn,colonialpenn.com,,Business Focused (BF),"61,000",$9.00
112,NoExam.com,noexam.com,,Business Focused (BF),10,-
113,Quick Quote,quickquote.com,,Business Focused (BF),300,$8.00
114,IM Global,imglobal.com,,Business Focused (BF),400,$1.50
115,HomeInsurance.org,homeinsurance.org,,Business Focused (BF),-,-
116,Up Help,uphelp.org,,Content Focused (CF),-,-
117,Cover.com,cover.com,,Business Focused (BF),350,$9.00
118,Authority Dental,authoritydental.org,,Business Focused (BF),-,-
119,Kaiser Permenete,kaiserpermanente.org,,Content Focused (CF),250,$1.20
120,Credit Karma,creditkarma.com,,Business Focused (BF),"6,000,000",$0.40
121,AAA,aaa.com,,Business Focused (BF),"960,000",$0.30
122,21st,21st.com,,Business Focused (BF),"4,700",$2.00
123,Dairyland Insurance,dairylandinsurance.com,,Business Focused (BF),"36,000",$2.00
124,Health Pocket,healthpocket.com,,Business Focused (BF),40,-
125,1Dental,1dental.com,,Business Focused (BF),"2,900",$0.70
126,Gerber Life,gerberlife.com,,Business Focused (BF),"23,000",$9.00
127,Pet First,petfirst.com,,Business Focused (BF),800,$7.00
128,Quotacy,quotacy.com,,Business Focused (BF),600,$16.00
129,Amax Insurance,amaxinsurance.com,,Business Focused (BF),"6,300",$4.00
130,Bolt Insurance,boltinsurance.com,,Business Focused (BF),700,$2.50
131,OnGaurd Insurance,onguardinsurance.com,,Business Focused (BF),200,$4.00
132,Blue Cross Blue Shield,blueshieldca.com,,Business Focused (BF),"5,800",$3.50
133,Blue Cross Blue Shield,bcbstx.com,,Business Focused (BF),"648,000",$3.50
134,TechInsurance.com,techinsurance.com,,Business Focused (BF),20,$5.00
135,GreatFlorida,greatflorida.com,,Business Focused (BF),200,$10.00
136,Dental Insurance Shop,dentalinsuranceshop.com,,Business Focused (BF),20,$5.00
137,Obrella,obrella.com,,Business Focused (BF),50,-
138,A Auto and Home Insurance,aautoandhomeinsurance.com,,Business Focused (BF),50,$25.00
139,Insuramatch,insuramatch.com,,Business Focused (BF),200,$0.70
140,Next Insurance,next-insurance.com,,Business Focused (BF),"18,000",$9.00
141,Foremost,foremost.com,,Business Focused (BF),"41,000",$2.50
142,Work Comp One,workcompone.com,,Business Focused (BF),20,$15.00
142,My New Markets,mynewmarkets.com,,Business Focused (BF),700,$1.10
143,eHealth Medicare,ehealthmedicare.com,,Business Focused (BF),"2,900",$5.00
144,National General,nationalgeneral.com,,Business Focused (BF),"66,000",$4.00
145,My Kool Smiles,mykoolsmiles.com,,Business Focused (BF),80,$3.50
146,OnlineAutoInsurance.com,onlineautoinsurance.com,,Business Focused (BF),20,$6.00
147,InsuranceQuotes.org,insurancequotes.org,,Business Focused (BF),20,-
148,Guardian Direct,guardiandirect.com,,Business Focused (BF),"1,100",-
149,Cost U Less Direct,costulessdirect.com,,Business Focused (BF),10,$1.60
150,AutoInsuranceSavings.org,autoinsuresavings.org,,Business Focused (BF),-,-
,CarInsurance101.com,carinsurance101.com,,Content Focused (CF),-,-
,Care Plus Dental Plans,careplusdentalplans.com,,Business Focused (BF),50,$4.50
,New York Life,newyorklife.com,,Business Focused (BF),"58,000",$4.00
,Profam,profam.com,,Business Focused (BF),60,-
,365 Pet Insurance,365petinsurance.com,,Business Focused (BF),-,-
,Connect for Health Co,connectforhealthco.com,,Business Focused (BF),350,$2.50
,Business Insurance USA,businessinsuranceusa.com,,Business Focused (BF),60,$35.00
,Select Quote,selectquote.com,,Business Focused (BF),"6,000",$13.00
,Ameriprise,ameriprise.com,,Business Focused (BF),"157,000",$0.60
,GeoBlue,geobluetravelinsurance.com,,Business Focused (BF),"9,100",$1.20
,AIG,aig.com,,Business Focused (BF),"92,000",$2.50
,American Visitor Insurance,americanvisitorinsurance.com,,Business Focused (BF),200,$11.00
,Worker's Compensation Shop,workerscompensationshop.com,,Business Focused (BF),-,-
,Medicare Wire,medicarewire.com,,Business Focused (BF),20,-
,HCCMIS,hccmis.com,,Business Focused (BF),600,$1.20
,Guardian Life,guardianlife.com,,Business Focused (BF),"3,300",$1.80
,AffordableRentersInsurance.com,affordablerentersinsurance.com,,Business Focused (BF),10,-
,MIAA,rmiia.org,,Content Focused (CF),"14,000",$0.02
,AIS Insurance,aisinsurance.com,,Business Focused (BF),"8,300",$3.50
,Health Coverage Guide,healthcoverageguide.org,,Content Focused (CF),10,$7.00
,Property Casualty 360,propertycasualty360.com,,Business Focused (BF),450,$3.50
,Insurance GNA,insuranceqna.com,,Content Focused (CF),-,-
,SRR 22 Insurance Policies,sr22-insurance-policies.com,,Business Focused (BF),-,-
,VSP.com,vsp.com,,Business Focused (BF),"2,100",$0.80
,General Liability Shop,generalliabilityshop.com,,Business Focused (BF),-,-
,FloridaInsuranceQuotes.net,floridainsurancequotes.net,,Business Focused (BF),-,-
,A Abana,a-abana.com,,Business Focused (BF),350,$1.40
,Aflac,aflac.com,,Business Focused (BF),"375,000",$2.50
,SR 22 Insurance,sr22insurance.net,,Business Focused (BF),"3,800",$13.00
,Hagerty,hagerty.com,,Business Focused (BF),"43,000",$1.10
,Lemonade,lemonade.com,,Business Focused (BF),"94,000",$3.50
,Schuerman Insurance,schuermaninsurance.com,,Business Focused (BF),-,-
,My Family Life Insurance,myfamilylifeinsurance.com,,Business Focused (BF),-,-
,Auto Insurance Center,autoinsurancecenter.com,,Business Focused (BF),80,$35.00
,Elephant,elephant.com,,Business Focused (BF),"222,000",$1.10
,Blue Cross Blue Shield,floridablue.com,,Business Focused (BF),"228,000",$3.50
,Peach State Insurance,peachstateinsurance.net,,Business Focused (BF),"1,200",$7.00
,Markel Insurance,markelinsurance.com,,Business Focused (BF),"14,000",$6.00
,Life Insurance Post,lifeinsurancepost.com,,Content Focused (CF),-,-
,Insurance and States,insuranceandestates.com,,Business Focused (BF),-,-
,InternalStudentInsurance.com,internationalstudentinsurance.com,,Business Focused (BF),-,-
,Boomer Benefits,boomerbenefits.com,,Business Focused (BF),"4,400",$1.00
,ExpertInsuranceReviews.com,expertinsurancereviews.com,,Business Focused (BF),-,-
,Genworth,genworth.com,,Business Focused (BF),"29,000",$3.50
,Care First,carefirst.com,,Business Focused (BF),"5,800",$3.00
,Cal Health,calhealth.net,,Business Focused (BF),100,$2.50
,Texas Health Options,texashealthoptions.com,,Business Focused (BF),80,$2.00
,Insure and Go,insureandgo.com,,Business Focused (BF),450,$4.00
,World Nomads,worldnomads.com,,Business Focused (BF),"15,000",$0.70
,Plymouth Rock,plymouthrock.com,,Business Focused (BF),"56,000",$1.40
,Top Whole Life,topwholelife.com,,Business Focused (BF),-,-
,Life Insurance Shopping Reviews,lifeinsuranceshoppingreviews.com,,Business Focused (BF),-,-
,Blue Cross Blue Shield,bcbsil.com,,Business Focused (BF),"648,000",$3.50
,Infinity Auto,infinityauto.com,,Business Focused (BF),"10,000",$1.50
,Empire Blue,empireblue.com,,Business Focused (BF),"1,600",$10.00
,Sharecare,sharecare.com,,Business Focused (BF),"12,000",$0.04
,Agile Health Insurance,agilehealthinsurance.com,,Business Focused (BF),"4,100",$2.50
,BestLifeQuote.com,bestlifequote.com,,Business Focused (BF),-,-
,HomeInsurance.com,homeinsurance.com,,Business Focused (BF),30,-
,Insurance Hub,insurancehub.com,,Business Focused (BF),250,$25.00
,Delta Dental Covers Me,deltadentalcoversme.com,,Business Focused (BF),"1,800",$1.50
,Insure CHance,insurechance.com,,Business Focused (BF),-,-
,Go Pet Plan,gopetplan.com,,Business Focused (BF),250,$1.20
,Fiesta Insurance,fiestainsurance.com,,Business Focused (BF),"3,400",$5.00
,We Shop Insurance,weshopinsurance.com,,Business Focused (BF),-,-
,Assurant Renters,assurantrenters.com,,Business Focused (BF),"3,700",$4.00
,Aspen Dental,aspendental.com,,Business Focused (BF),"273,000",$2.00
,New York Life AARP,nylaarp.com,,Business Focused (BF),"1,100",$6.00
,Premera,premera.com,,Business Focused (BF),"29,000",$0.80
,Co Health Info,cohealthinfo.com,,Business Focused (BF),-,-
,ABC Auto Insurance,abcautoinsurance.com,,Business Focused (BF),400,$7.00
,Auto-Owners,auto-owners.com,,Business Focused (BF),"1,800",-
,Farm Bureau Finacial Services,fbfs.com,,Business Focused (BF),-,-
,Pets Best,petsbest.com,,Business Focused (BF),"7,600",$1.00
,Disability Benefits Help,disability-benefits-help.org,,Content Focused (CF),100,$2.50
,Pet Assure,petassure.com,,Business Focused (BF),"5,200",$1.60
,Life Happens,lifehappens.org,,Content Focused (CF),"3,100",$6.00
,Standard.com,standard.com,,Business Focused (BF),600,$5.00
,Trip Insurance Store,tripinsurancestore.com,,Business Focused (BF),500,$3.50
,Boat US,boatus.com,,Business Focused (BF),"10,000",$0.80
,Griffin Benefits,griffinbenefits.com,,Business Focused (BF),-,-
,Health Payer Intelligence,healthpayerintelligence.com,,Business Focused (BF),20,-
,US Agencies,usagencies.com,,Business Focused (BF),"3,300",$3.50
,Val Choice,valchoice.com,,Business Focused (BF),-,-
,Mass Mutual,massmutual.com,,Business Focused (BF),"63,000",$4.00
,Good Sam Insurance,goodsamrvinsurance.com,,Business Focused (BF),"3,700",$2.50
,MonthtoMonthCarInsurance.com,monthtomonthcarsinsurance.com,,Business Focused (BF),-,-
,AAA Life,aaalife.com,,Business Focused (BF),"1,100",$6.00
,Local Life Agents,locallifeagents.com,,Business Focused (BF),20,$1.50
,Insurance King Quote,insurancekingquote.com,,Business Focused (BF),100,$25.00
,GeneralLiabilityInsurance.org,generalliabilityinsurance.org,,Business Focused (BF),-,-
,Healthcare Proviers Service Organizatin,hpso.com,,Business Focused (BF),-,-
,BestCarInsuranceFinder.com,bestcarinsurancefinder.com,,Business Focused (BF),-,-
,Globe Life Insurance,globelifeinsurance.com,,Business Focused (BF),"44,000",$4.50
,American Home Shield,ahs.com,,Business Focused (BF),"276,000",$6.00
,Vernfonk,vernfonk.com,,Business Focused (BF),200,$1.00
,Auto Insurance Now,autoinsurancenow.com,,Business Focused (BF),80,$40.00
,Secure Senior Life Insurance,secureseniorlifeinsurance.com,,Business Focused (BF),-,-
,NY Health Insurer,nyhealthinsurer.com,,Business Focused (BF),10,-
,My Florida Choices,myfloridachoices.org,,Business Focused (BF),-,-
,All About Vision,allaboutvision.com,,Business Focused (BF),600,$4.00
,freedentalcare.us,freedentalcare.us,,Business Focused (BF),300,$4.00
,Cheap Auto Insurance Co,cheapautoinsuranceco.com,,Business Focused (BF),10,$40.00
,newyorkmotorinsurance.com,newyorkmotorinsurance.com,,Business Focused (BF),-,-
,IllinoisVehicle.com,illinoisvehicle.com,,Business Focused (BF),-,-
,Travel X Insurance,travelexinsurance.com,,Business Focused (BF),10,$7.00
,Longterm Care Insurance Parnter,longtermcareinsurancepartner.com,,Business Focused (BF),-,-
,Credit Sesame,creditsesame.com,,Business Focused (BF),"280,000",$0.90
,GN Insurance,gninsurance.com,,Business Focused (BF),70,-
,United Marine,unitedmarine.net,,Business Focused (BF),150,$6.00
,Serenity Group,serenitygroup.com,,Business Focused (BF),150,$0.60
,Blue Cross Blue Shield,bcbsga.com,,Business Focused (BF),"648,000",$3.50
,Medicare Interactive,medicareinteractive.org,,Business Focused (BF),450,$1.60
,TopQuoteLifeInsurance.com,topquotelifeinsurance.com,,Business Focused (BF),-,-
,CarInsuranceQuotes.com,carinsurancequotes.com,,Business Focused (BF),20,$9.00
,Sure Buy Car Insurance,surebuycarinsurance.com,,Business Focused (BF),-,-
,First American,firstam.com,,Business Focused (BF),"13,000",$1.40
,Rootfin,rootfin.com,,Business Focused (BF),50,-
,Emblem Health,emblemhealth.com,,Business Focused (BF),"69,000",$1.00
,Day Insure,dayinsure.com,,Business Focused (BF),10,$1.50
,Learn and Serve,learnandserve.org,,Business Focused (BF),40,$1.10
,Needy Meds,needymeds.org,,Content Focused (CF),"2,600",$2.00
,CheapInsurance.com,cheapinsurance.com,,Business Focused (BF),50,$9.00
,Policy Bazaar,policybazaar.com,,Business Focused (BF),"1,500",$0.45
,Single Care,singlecare.com,,Business Focused (BF),"4,700",$1.50
,Choice Mutual,choicemutual.com,,Business Focused (BF),250,-
,BBG Broker,bbgbroker.com,,Business Focused (BF),-,-
,Pivot Health,pivothealth.com,,Business Focused (BF),"3,400",$0.80
,Homesite,homesite.com,,Business Focused (BF),"6,500",$2.50
,Unum,unum.com,,Business Focused (BF),"80,000",$2.50
,Brightway,brightway.com,,Business Focused (BF),600,$0.30
,CheapCarInsuranceQuotes.com,cheapcarinsurancequotes.com,,Business Focused (BF),-,-
,Travel Insure,travelinsure.com,,Business Focused (BF),150,-
,Delta Dental,deltadentalwa.com,,Business Focused (BF),"4,100",$1.60
,My Hippo,myhippo.com,,Business Focused (BF),70,-
,Disability Benefits Center,disabilitybenefitscenter.org,,Business Focused (BF),10,-
,Ultra Care Insurance,ultracarinsurance.com,,Business Focused (BF),-,-
,My Insurance Doctor,myinsurancedoctor.com,,Business Focused (BF),40,$2.00
,AutoHomeBoat.com,autohomeboat.com,,Business Focused (BF),-,-
,Wed Safe,wedsafe.com,,Business Focused (BF),250,$3.50
,Blue Cross Blue Shield,bluecrossnc.com,,Business Focused (BF),"648,000",$3.50
,Farm Bureau Insurance,fbitn.com,,Business Focused (BF),"53,000",$3.50
,Propert Insurance Coverage Law,propertyinsurancecoveragelaw.com,,Content Focused (CF),-,-
,HTH Travel Insurance,hthtravelinsurance.com,,Business Focused (BF),600,$3.50
,Horizon Blue,horizonblue.com,,Business Focused (BF),"5,400",$2.50
,eCar Insurance USA,ecarinsuranceusa.com,,Business Focused (BF),-,-
,Stride Health,stridehealth.com,,Business Focused (BF),"4,100",$2.50
,Nevada Health Link,nevadahealthlink.com,,Content Focused (CF),"7,700",$2.50
,Texas Quotes,texasquotes.com,,Business Focused (BF),"1,100",$0.80
,Kaiser Health News,khn.org,,Content Focused (CF),"7,300",$7.00
,Velox Insurance,veloxinsurance.com,,Business Focused (BF),"3,200",$3.50
,Blue Cross Blue Shield,azblue.com,,Business Focused (BF),"648,000",$3.50
,Blue Cross Blue Shield,fhcp.com,,Business Focused (BF),"648,000",$3.50
,Commercial Insurance,commercialinsurance.net,,Business Focused (BF),"11,000",$25.00
,Cincinnati Insurance Companies,cinfin.com,,Business Focused (BF),450,$9.00
,Health Partners,healthpartners.com,,Business Focused (BF),"33,000",$2.50
,National Boat Owners Association,nboat.com,,Business Focused (BF),,$10.00
,AKC Pet Insurance,akcpetinsurance.com,,Business Focused (BF),"3,500",$8.00
,Insurance U Online,insureuonline.org,,Business Focused (BF),-,-
,Dental Insurance Store,dentalinsurancestore.com,,Business Focused (BF),60,$9.00
,AMCO Insurance,remco.com,,Business Focused (BF),"2,000",$4.50
,Pacific Prime,pacificprime.com,,Business Focused (BF),300,$1.80
,Insure My Rig,insuremyrig.com,,Business Focused (BF),80,$18.00
,Gallagher Malpractice,gallaghermalpractice.com,,Business Focused (BF),10,-
,All Risks,allrisks.com,,Business Focused (BF),"1,100",$2.50
,Insurance Quotes,insurancequotes.com,,Business Focused (BF),"99,000",$25.00
,Philadelphia Insurance Companies,phly.com,,Business Focused (BF),"1,500",$20.00
,Medicare Resources,medicareresources.org,,Business Focused (BF),60,$6.00
,Security First Florida,securityfirstflorida.com,,Business Focused (BF),200,$1.00
,Lincoln Heritage,lhlic.com,,Business Focused (BF),"6,800",$4.50
,California Casualty,calcas.com,,Business Focused (BF),"17,000",$1.60
,Coastal Insurance Solution,coastalinsurancesolution.com,,Business Focused (BF),-,-
,Accurate Auto Insurance,accurateautoins.com,,Business Focused (BF),"1,200",$25.00
,Debt.org,debt.org,,Business Focused (BF),300,$7.00
,Access-Insurance,access-insurance.com,,Business Focused (BF),20,-
,Aging in Place,aginginplace.org,,Business Focused (BF),"4,900",$2.50
,Revuezzle,revuezzle.com,,Business Focused (BF),-,-
,Colorado Health Insurance Brokers,coloradohealthinsurancebrokers.com,,Business Focused (BF),250,$6.00
,Global Travel Insurance,globaltravelinsurance.com,,Business Focused (BF),200,$9.00
,Landlordology,landlordology.com,,Business Focused (BF),"1,200",$2.50
,Get Jerry,getjerry.com,,Business Focused (BF),20,-
,NoDownCarInsurance.com,nodowncarinsurance.com,,Business Focused (BF),-,-
,Cunningham Group Insurance,cunninghamgroupins.com,,Business Focused (BF),50,$1.50
,Caring Village,caringvillage.com,,Business Focused (BF),300,$0.35
,RV America Insurance,rvainsurance.com,,Business Focused (BF),300,$12.00
,ImmiHelp,immihelp.com,,Business Focused (BF),"11,000",$3.00
,Delta Dental,deltadentalma.com,,Business Focused (BF),"502,000",$2.50
,Simple Life Insure,simplelifeinsure.com,,Business Focused (BF),-,-
,LTCFEDS ,ltcfeds.com,,Business Focused (BF),700,$6.00
,Claims Mate,claimsmate.com,,Business Focused (BF),-,-
,Car Gurus,cargurus.com,,Business Focused (BF),"1,020,000",$0.15
,Northwestern Mutual,northwesternmutual.com,,Business Focused (BF),"138,000",$7.00
,StateRequirement.com,staterequirement.com,,Business Focused (BF),-,-
,Realtor,realtor.com,,Business Focused (BF),"2,110,000",$0.15
,GoodRX,goodrx.com,,Business Focused (BF),"963,000",$0.40
,Legal Zoom,legalzoom.com,,Business Focused (BF),"151,000",$2.00
,Grundy Insurance,grundy.com,,Business Focused (BF),"8,600",$2.50
,Affordable Life USA,affordablelifeusa.com,,Business Focused (BF),-,-
,Blue Cross Blue Shield,bcbsal.org,,Business Focused (BF),"648,000",$3.50
,Healthcar Information Guide,healthcare-information-guide.com,,Content Focused (CF),-,-
,Baja Auto Insurance,bajaautoinsurance.com,,Business Focused (BF),800,$5.00
,Neckerman,neckerman.com,,Business Focused (BF),200,$0.50
,Pet Pav,petpav.com,,Business Focused (BF),-,-
,Island Insurance,islandinsurance.com,,Business Focused (BF),"1,400",$3.00
,Simply Insured,simplyinsured.com,,Business Focused (BF),600,$3.00
,Simply Insurance,simplyinsurance.com,,Business Focused (BF),900,$7.00
,ObamaCare Facts,obamacarefacts.com,,Content Focused (CF),"1,400",$2.50
,NFIB,nfib.com,,Business Focused (BF),"15,000",$1.10
,Leavitt Group,leavitt.com,,Business Focused (BF),"1,400",$0.15
,High Income Protection,highincomeprotection.com,,Business Focused (BF),-,-
,New Jersey Mutual,njm.com,,Business Focused (BF),10,-
,General Liability Insure,generalliabilityinsure.com,,Business Focused (BF),-,-
,X Insurnace,xinsurance.com,,Business Focused (BF),-,-
,JD Power,jdpower.com,,Content Focused (CF),"18,000",$0.15
,Proliability,proliability.com,,Business Focused (BF),"4,800",$1.40
,Blue Cross Blue Shield,bluecrossmn.com,,Business Focused (BF),"648,000",$3.50
,Blue Cross Blue Shield,bcbsnc.com,,Business Focused (BF),"648,000",$3.50
,Food Liability Insurance Program,fliprogram.com,,Business Focused (BF),200,$8.00
,Alias Insurance,aliasinsurance.com,,Business Focused (BF),-,-
,Farm Bureau Health Plans,fbhealthplans.com,,Business Focused (BF),600,$3.00
,The Event Helper,theeventhelper.com,,Business Focused (BF),"1,800",$0.90
,Credit.com,credit.com,,Business Focused (BF),"9,900",$5.00
,CreditCards.com,creditcards.com,,Business Focused (BF),"2,300",$9.00
,EG Group,eqgroup.com,,Business Focused (BF),"1,400",-
,RV Insurance,rvins.com,,Business Focused (BF),"10,000",$16.00
,CarInsuranceCompanies.com,carinsurancecompanies.com,,Business Focused (BF),-,-
,CheapFullCoverageAutoInsurance.com,cheapfullcoverageautoinsurance.com,,Business Focused (BF),10,-
,Florida Blue Dental,floridabluedental.com,,Business Focused (BF),"4,600",$3.00
,InsuranceForStudents.com,insuranceforstudents.com,,Business Focused (BF),20,$5.00
,HealthFirst.org,healthfirst.org,,Business Focused (BF),"1,200",-
,Kin Insurance,kin.com,,Business Focused (BF),"2,100",-
,Insurance Bee,insurancebee.com,,Business Focused (BF),600,$3.00
,Minnesota Health Insurance Network,mnhealthnetwork.com,,Business Focused (BF),50,$7.00
,NASRO Cooperative,nasro-co-op.com,,Content Focused (CF),-,-
,Dental For Everyone,dentalforeveryone.com,,Business Focused (BF),150,$2.00
,Wells Fargo,wellsfargo.com,,Business Focused (BF),"12,690,000",$1.20
,American Dental Association,ada.org,,Content Focused (CF),"20,000",$4.00
,Insurance Hotline,insurancehotline.com,,Business Focused (BF),80,$7.00
,American Auto Insurance,americanautoinsurance.com,,Business Focused (BF),"1,200",$19.00
,Wealthfront,wealthfront.com,,Business Focused (BF),"142,000",$3.00
,Cover Fox,coverfox.com,,Business Focused (BF),-,-
,Blue Cross Blue Shield,bcbst.com,,Business Focused (BF),"648,000",$3.50
,Insure One,insureone.com,,Business Focused (BF),"4,700",$4.00
,Rocky Mountain Health Plans,rmhp.org,,Business Focused (BF),"2,800",$1.50
,HealthCare.gov,healthcare.gov,,Government Establishment (GE),"153,000",-
,Real Time Health Quotes,realtimehealthquotes.com,,Business Focused (BF),50,-
,EIB Direct,eibdirect.com,,Business Focused (BF),-,-
,Einhorn Insurance,einhorninsurance.com,,Business Focused (BF),300,$19.00
,Shield My Pet,shieldmypet.com,,Business Focused (BF),-,-
,Health Sherpa,healthsherpa.com,,Business Focused (BF),"6,700",$4.00
,Brick Underground,brickunderground.com,,Content Focused (CF),"1,900",$13.00
,Pronto Insurance,prontoinsurance.com,,Business Focused (BF),"16,000",$3.50
,CMF Group,cmfgroup.com,,Business Focused (BF),"1,200",$0.35
,A Affordable Insurance,a-affordableinsurance.com,,Business Focused (BF),450,$13.00
,Baby Center,babycenter.com,,Content Focused (CF),"16,000",$0.07
,World Wide Insure,worldwideinsure.com,,Business Focused (BF),-,-
,Colonial Life,coloniallife.com,,Business Focused (BF),"67,000",$6.00
,Pet Care Insurance,petcareins.com,,Business Focused (BF),900,$9.00
,LTC Insuarnce Consultants,ltcinsuranceconsultants.com,,Business Focused (BF),-,-
,Meemic,meemic.com,,Business Focused (BF),"10,000",$1.70
,WA Health Plan Finder,wahealthplanfinder.org,,Business Focused (BF),"13,000",$2.50
,Ooida Truck Insurance,ooidatruckinsurance.com,,Business Focused (BF),700,$13.00
,Carefree Dental,carefreedental.com,,Business Focused (BF),"9,400",$1.60
,Good to Go Insurance,goodtogoinsurance.com,,Business Focused (BF),"4,700",$3.00
,United Auto Insurance,unitedautoinsurance.com,,Business Focused (BF),"5,200",$7.00
,Vitalone Health,vitalonehealth.com,,Business Focused (BF),40,$1.40
,Biz Insure,bizinsure.com,,Business Focused (BF),100,$5.00
,Global Marine Insurance,globalmarineinsurance.com,,Business Focused (BF),350,$12.00
,Medica,medica.com,,Business Focused (BF),"39,000",$1.90
,Optima Health,optimahealth.com,,Business Focused (BF),"12,000",$3.50
,My Low Cost Auto,mylowcostauto.com,,Business Focused (BF),80,$14.00
,Mental health America,mentalhealthamerica.net,,Content Focused (CF),"8,600",$1.00
,Square Up,squareup.com,,Business Focused (BF),"45,000",$1.60
,Carsurer,carsurer.com,,Business Focused (BF),-,-
,American Collectors,americancollectors.com,,Business Focused (BF),"1,000",$2.50
,Mintco Financial,mintcofinancial.com,,Business Focused (BF),80,-
,Plan Prescriber,planprescriber.com,,Business Focused (BF),30,$4.00
,Oscar Insurance,hioscar.com,,Business Focused (BF),"25,000",$1.00
,Benefits Cafe,benefitscafe.com,,Business Focused (BF),-,-
,Safe Butler,safebutler.com,,Business Focused (BF),-,-
,Ameri Health NJ,amerihealthnj.com,,Business Focused (BF),150,-
,Edurance Warranty,endurancewarranty.com,,Business Focused (BF),30,-
,AIPSO,aipso.com,,Business Focused (BF),700,$7.00
,Dentistry IG,dentistryiq.com,,Business Focused (BF),-,-
,HomeownersInsurance.com,homeownersinsurance.com,,Business Focused (BF),30,$25.00
,Green Insurance Group,greeneinsurancegroup.com,,Business Focused (BF),70,$18.00
,Way 2 Insure,way2insure.com,,Business Focused (BF),-,-
,LocktonMedicalLiabilityInsurance.com,locktonmedicalliabilityinsurance.com,,Business Focused (BF),10,-
,Families USA,familiesusa.org,,Content Focused (CF),"1,000",$0.20
,Mani Karthik,manikarthik.com,,Content Focused (CF),60,-
,Eye Med Vision Care,eyemedvisioncare.com,,Business Focused (BF),500,$2.50
,CarInsuranceForDriver.com,carinsurancefordriver.com,,Business Focused (BF),-,-
,Owner Operator Direct,owneroperatordirect.com,,Business Focused (BF),60,$5.00
,FloridaInsuranceAgency.net,floridainsuranceagency.net,,Business Focused (BF),-,-
,Dental Select,dentalselect.com,,Business Focused (BF),"7,800",$1.10
,USInsuranceOnline.com,usinsuranceonline.com,,Business Focused (BF),30,$5.00
,Royalty Truck Insurance,royaltytruckinsurance.com,,Business Focused (BF),30,$15.00
,Abrams Insurance Solutions,abramsinc.com,,Business Focused (BF),-,-
,Solstice Benefits,solsticebenefits.com,,Business Focused (BF),700,$2.50
,NCFB Insurance,ncfbins.com,,Business Focused (BF),100,$5.00
,Affordable Insurance Protection,affordableinsuranceprotection.com,,Business Focused (BF),-,-
,Auto Bytel,autobytel.com,,Business Focused (BF),80,$0.45
,The Guardian,theguardian.com,,Content Focused (CF),"522,000",$0.80
,Admiral Insurance,admiral.com,,Business Focused (BF),"1,400",$3.50
,NCDOI,ncdoi.com,,Content Focused (CF),"7,800",$1.50
,PAHealthInsuranceCoverage.com,pahealthinsurancecoverage.com,,Business Focused (BF),-,-
,Prudential,prudential.com,,Business Focused (BF),"236,000",$0.80
,RapidCarInsuranceQuote.com,rapidcarinsurancequote.com,,Business Focused (BF),-,-
,Aardvark Compare,aardvarkcompare.com,,Business Focused (BF),70,-
,Blue Cross Blue Shield,bcbsla.com,,Business Focused (BF),"648,000",$3.50
,Blue Cross Blue Shield,bcbsks.com,,Business Focused (BF),"648,000",$3.50
,AccuQuote,accuquote.com,,Business Focused (BF),"1,200",$7.00
,Life Insure,lifeinsure.com,,Business Focused (BF),40,$25.00
,InsureMyRentalCar.com,insuremyrentalcar.com,,Business Focused (BF),10,-
,TWG Truck Insurance,twgtruckinsurance.com,,Business Focused (BF),-,-
,Free Spirit Travel Insurance,freespirittravelinsurance.com,,Business Focused (BF),10,-
,American Modern,amig.com,,Business Focused (BF),"12,000",$2.50
,Solv Health,solvhealth.com,,Business Focused (BF),700,-
,CarInsuranceCompanies.net,carinsurancecompanies.net,,Business Focused (BF),-,-
,Insurance-Forums,insurance-forums.com,,Content Focused (CF),70,-
,Assigned Risk Auto,assignedriskauto.org,,Business Focused (BF),-,-
,Quote Lab,quotelab.com,,Business Focused (BF),20,-
,Heffins,heffins.com,,Business Focused (BF),-,-
,Blue Cross Blue Shield,bluecrossma.com,,Business Focused (BF),"648,000",$3.50
,Physician Mutual,physiciansmutual.com,,Business Focused (BF),"3,400",$3.00
,Kentucky Farm Bureau,kyfb.com,,Business Focused (BF),"15,000",$3.00
,Effortless Insurance,effortlessinsurance.com,,Business Focused (BF),-,-
,Ameri Agency,ameriagency.com,,Business Focused (BF),-,-
,Nevada Insurance Enrollment,nevadainsuranceenrollment.com,,Business Focused (BF),-,-
,Olympus Insurance,olympusinsurance.com,,Business Focused (BF),"4,700",$8.00
,Guardian Anytime,guardiananytime.com,,Business Focused (BF),"26,000",$2.00
,Metromile,metromile.com,,Business Focused (BF),"32,000",$1.50
,Pet Insurance U,petinsuranceu.com,,Business Focused (BF),-,-
,BusinessInsurance.com,businessinsurance.com,,Business Focused (BF),10,-
,HDA Insurance,hdainsurance.com,,Business Focused (BF),20,-
,Work Comp Lab,workcomplab.com,,Business Focused (BF),-,-
,American Integrity Insurance Group,aiicfl.com,,Business Focused (BF),90,$3.00
,MNSure,mnsure.org,,Business Focused (BF),"61,000",$1.10
,I See Cars,iseecars.com,,Business Focused (BF),"2,500",$0.40
,Marsh Insurance,marsh.com,,Business Focused (BF),"1,400",$6.00
,1199 SEIU Benefits,1199seiubenefits.org,,Business Focused (BF),150,$0.35
,Travel Safe,travelsafe.com,,Business Focused (BF),"1,800",$1.40
,Travel Insured,travelinsured.com,,Business Focused (BF),"3,200",$6.00
,Select SR22 Insurance,selectsr22insurance.com,,Business Focused (BF),-,-
,Ovid Life,ovidlife.com,,Business Focused (BF),80,$0.30
,Insuranceopedia,insuranceopedia.com,,Content Focused (CF),-,-
,Best Life Insurance,bestlife.com,,Business Focused (BF),"11,000",$20.00
,Delta Dental,deltadentalar.com,,Business Focused (BF),"502,000",$2.50
,SeniorsLifeInsuranceFinder.com,seniorslifeinsurancefinder.com,,Business Focused (BF),-,-
,Direct Vision Insurance,directvisioninsurance.com,,Business Focused (BF),70,$5.00
,Sun Life Knows Benefits,sunlifeknowsbenefits.com,,Business Focused (BF),-,-
,Drive Affordable,driveaffordable.com,,Business Focused (BF),-,-
,Medicare-Providers.net,medicare-providers.net,,Business Focused (BF),20,$10.00
,RLI Corp,rlicorp.com,,Business Focused (BF),800,$0.45
,LAInsurance.com,lainsurance.com,,Business Focused (BF),-,-
,IntelliQuote,intelliquote.com,,Business Focused (BF),150,$11.00
,TexasInsuranceProvider.com,texasinsuranceprovider.com,,Business Focused (BF),-,-
,DisabilityQuotes.com,disabilityquotes.com,,Business Focused (BF),-,-
,AutoSlash.com,autoslash.com,,Business Focused (BF),900,$3.00
,Chubb,chubb.com,,Business Focused (BF),"38,000",$1.60
,IBX 4 You,ibx4you.com,,Business Focused (BF),-,-
,Auto Ins Discounters,autoinsdiscounters.com,,Business Focused (BF),10,$7.00
,Bankers Insurance,bankersinsurance.net,,Business Focused (BF),"4,300",$5.00
,Easy Dental Quotes,easydentalquotes.com,,Business Focused (BF),-,-
,SelectHealth.org,selecthealth.org,,Business Focused (BF),"1,700",-
,NSO.com,nso.com,,Business Focused (BF),400,-
,Leverage RX,leveragerx.com,,Business Focused (BF),30,-
,Safe Guard Me,safeguardme.com,,Business Focused (BF),-,-
,Ok Statewide Insurance,okstatewide.com,,Business Focused (BF),-,-
,Horace Mann,horacemann.com,,Business Focused (BF),"58,000",$2.50
,Western National Insurance,wnins.com,,Business Focused (BF),"4,800",$5.00
,CheapCarInsuranceSanAntonioTX.com,cheapcarinsurancesanantoniotx.com,,Business Focused (BF),-,-
,Blue Cross Blue Shield,bcbsok.com,,Business Focused (BF),"648,000",$3.50
,Zander Insurance,zanderins.com,,Business Focused (BF),"35,000",$12.00
,Blue Cross Blue Shield,bcidaho.com,,Business Focused (BF),"648,000",$3.50
,Priority Health,priorityhealth.com,,Business Focused (BF),"37,000",$0.90
,CPH Insurance,cphins.com,,Business Focused (BF),"3,400",$6.00
,US Assure,usassure.com,,Business Focused (BF),"3,500",$0.90
,Principle Insurance,principal.com,,Business Focused (BF),300,$1.50
,Moda Health,modahealth.com,,Business Focused (BF),"11,000",$5.00
,Truck Insure,truckinsure.com,,Business Focused (BF),60,$40.00
,Hawaii Medical Service Association,hmsa.com,,Business Focused (BF),350,$6.00
,Health Care Access Marland,healthcareaccessmaryland.org,,Business Focused (BF),-,-
,HomeWarrantyReviews.com,homewarrantyreviews.com,,Business Focused (BF),20,$19.00
,Western Southern Financial Group,westernsouthern.com,,Business Focused (BF),100,$2.00
,Employee Benefit Adviser,employeebenefitadviser.com,,Business Focused (BF),150,-
,GAVOP,gavop.com,,Business Focused (BF),10,-
,Peach State Health Plan,pshpgeorgia.com,,Business Focused (BF),"3,400",$8.00
,CAI Auto Insurance,caiautoinsurance.com,,Business Focused (BF),-,-
,Grange Insurance,grangeinsurance.com,,Business Focused (BF),"36,000",$4.00
,Balsiger Insurance,balsigerinsurance.com,,Business Focused (BF),100,$4.00
,WorkCompConsultant.com,workcompconsultant.com,,Business Focused (BF),-,-
,TruStage,trustage.com,,Business Focused (BF),"8,400",$1.40
,Peterson International Underwriters,piu.org,,Business Focused (BF),30,-
,Call Affordable,callaffordable.com,,Business Focused (BF),-,-
,Go Express Auto Insurance,goexpressautoinsurance.com,,Business Focused (BF),20,$6.00
,True Traveller,truetraveller.com,,Business Focused (BF),200,$2.50
,Capson Insurance,capson.com,,Business Focused (BF),60,$2.50
,EDP Dental,edpdental.com,,Business Focused (BF),"1,500",$1.30
,CheapInsuranceCo.com,cheapcarinsuranceco.com,,Business Focused (BF),-,-
,NYSIF,nysif.com,,Content Focused (CF),"30,000",$0.10
,Armed Forces Insurance,afi.org,,Content Focused (CF),"3,200",$3.00
,QuoteTexas.com,quotetexas.com,,Business Focused (BF),-,-
,eQuote MD,equotemd.com,,Business Focused (BF),-,-
,TermLifeAdvice.com,termlifeadvice.com,,Business Focused (BF),-,-
,Policy X Insurance,policyx.com,,Business Focused (BF),-,-
,Go Rockland Insurance,gorockland.com,,Business Focused (BF),-,-
,IndependentAgency.com,independentagent.com,,Business Focused (BF),-,-
,Preventitive Vet,preventivevet.com,,Business Focused (BF),-,-
,Injury Claim Coach,injuryclaimcoach.com,,Business Focused (BF),150,$20.00
,My Maryland Auto,mymarylandauto.com,,Business Focused (BF),60,$7.00
,Cyber Drive Illinois,cyberdriveillinois.com,,Content Focused (CF),"1,500",$1.40
,Rogers Gray Insurance,rogersgray.com,,Business Focused (BF),-,-
,Review.com,reviews.com,,Content Focused (CF),-,-
,The Balance,thebalance.com,,Content Focused (CF),"6,600",$2.11
,The Simple Dollar,thesimpledollar.com,,Content Focused (CF),"3,600",$2.48
,Investopedia,investopedia.com,,Content Focused (CF),"90,500",$3.24
,Yelp,yelp.com,,Content Focused (CF),"2,240,000",$1.23
,Finder.com,finder.com,,Content Focused (CF),-,-
,TravelInsuranceReviews.com,travelinsurancereview.net,,Business Focused (BF),-,-
,Good Financial Cents,goodfinancialcents.com,,Content Focused (CF),590,$4.08
,Calculate Me,calculateme.com,,Content Focused (CF),720,$0.44
,Yellow Pages,yellowpages.com,,Content Focused (CF),"246,000",$0.31
,Top Ten Reviews,toptenreviews.com,,Content Focused (CF),-,-
,Forbes,forbes.com,,Content Focused (CF),"135,000",$0.12
,Money Under 30,moneyunder30.com,,Content Focused (CF),"2,900",$2.08
,Insurance Blog By Chris,insuranceblogbychris.com,,Content Focused (CF),10,$7.80
,Consumer Reports,consumerreports.org,,Content Focused (CF),"550,000",$2.65
,USNews.com,usnews.com,,Content Focused (CF),-,-
,Nolo,nolo.com,,Content Focused (CF),"14,800",$1.07
,Angie's List,angieslist.com,,Content Focused (CF),"110,000",$4.25
,Wikipedia,wikipedia.org,,Content Focused (CF),"2,740,000",$1.01
,Dough Roller,doughroller.net,,Content Focused (CF),"8,100",$0.48
,AARP,aarp.org,,Content Focused (CF),"368,000",$10.37
,Dave Ramsey,daveramsey.com,,Content Focused (CF),"301,000",$1.51
,Web MD,webmd.com,,Content Focused (CF),-,-
,The Nest,thenest.com,,Content Focused (CF),"33,100",$0.85
,Zacks.com,zacks.com,,Content Focused (CF),-,-
,Clark.com,clark.com,,Content Focused (CF),-,-
,Reddit,reddit.com,,Content Focused (CF),"6,120,000",$0.57
,Compare.com,compare.com,,Content Focused (CF),-,-
,Consumers Advocate,consumersadvocate.org,,Content Focused (CF),-,-
,Quora,quora.com,,Content Focused (CF),"246,000",$0.37
,Growing Family Benefits,growingfamilybenefits.com,,Content Focused (CF),30,-
,IRMI,irmi.com,,Content Focused (CF),"3,600",-
,Wall Street Journal,wsj.com,,Content Focused (CF),"550,000",$30.58
,Canine Journal,caninejournal.com,,Content Focused (CF),210,$2.80
,Money Crashers,moneycrashers.com,,Content Focused (CF),880,$0.44
,BBB.org,bbb.org,,Content Focused (CF),-,-
,Very Well health,verywellhealth.com,,Content Focused (CF),-,-
,The Balance SMB,thebalancesmb.com,,Content Focused (CF),110,-
,Pocket Sense,pocketsense.com,,Content Focused (CF),260,-
,Kiplinger,kiplinger.com,,Content Focused (CF),"18,100",$2.10
,LinkedIn,linkedin.com,,Content Focused (CF),"9,140,000",$2.90
,Confused.com,confused.com,,Content Focused (CF),-,-
,CNBC,cnbc.com,,Content Focused (CF),"1,830,000",$8.08
,Smart Asset,smartasset.com,,Content Focused (CF),-,-
,Consumer Affairs,consumeraffairs.com,,Content Focused (CF),"14,800",$1.24
,Delta Dental,deltadental.com,,Business Focused (BF),"450,000",$1.93
,FreeAdvice.com,freeadvice.com,,Content Focused (CF),-,-
,Colgate,colgate.com,,Business Focused (BF),"40,500",$3.11
,Intuit,intuit.com,,Business Focused (BF),"246,000",$1.30
,Edmunds,edmunds.com,,Business Focused (BF),"246,000",$3.18
,Retirement Living,retirementliving.com,,Content Focused (CF),"2,900",$2.92
,Quizlet,quizlet.com,,Content Focused (CF),"3,350,000",$1.52
,The Law Dictionary,thelawdictionary.org,,Content Focused (CF),-,-
,SF Gate,sfgate.com,,Content Focused (CF),-,-
,HowMuch.net,howmuch.net,,Content Focused (CF),-,-
,Fool.com,fool.com,,Content Focused (CF),-,-
,NAIC,naic.org,,Content Focused (CF),"18,100",$5.32
,Credit Donkey,creditdonkey.com,,Business Focused (BF),-,-
,NJ.us,nj.us,,Content Focused (CF),-,-
,Find Law,findlaw.com,,Content Focused (CF),"1,900",$0.97
,Insurance Journal,insurancejournal.com,,Content Focused (CF),"5,400",$12.76
,Facebook,facebook.com,,Content Focused (CF),"185,000,000",$0.87
,Trulia,trulia.com,,Content Focused (CF),"1,830,000",$0.70
,My Florida ACFO,myfloridacfo.com,,Content Focused (CF),-,-
,Legal Consumer,legalconsumer.com,,Content Focused (CF),10,-
,Glassdoor,glassdoor.com,,Content Focused (CF),"1,500,000",$1.23
,Fundera,fundera.com,,Business Focused (BF),"6,600",$18.95
,NCSL,ncsl.org,,Content Focused (CF),"8,100",-
,Chron,chron.com,,Content Focused (CF),"74,000",$2.67
,Sapling,sapling.com,,Content Focused (CF),"60,500",$1.57
,Bloomberg,bloomberg.com,,Content Focused (CF),"673,000",$20.46
,CNN,cnn.com,,Content Focused (CF),"20,400,000",$2.28
,Mason Finance,masonfinance.com,,Content Focused (CF),210,$16.89
,All Law,alllaw.com,,Content Focused (CF),170,$1.15
,Auto Trader,autotrader.com,,Business Focused (BF),-,-
,Planned Parenhood,plannedparenthood.org,,Content Focused (CF),-,-
,WikiHow,wikihow.com,,Content Focused (CF),"246,000",-
,Map Quest,mapquest.com,,Content Focused (CF),-,-
,The Rideshare Guy,therideshareguy.com,,Content Focused (CF),720,$4.72
,Go Compare,gocompare.com,,Business Focused (BF),"1,600",$3.97
,Fidelity,fidelity.com,,Business Focused (BF),"2,740,000",$1.01
,NBC News,nbcnews.com,,Content Focused (CF),"1,830,000",$0.78
,Automobile.com,automobile.com,,Business Focused (BF),-,-
,House Logic,houselogic.com,,Content Focused (CF),-,-
,USA Today,usatoday.com,,Content Focused (CF),"1,830,000",$1.26
,CBS News,cbsnews.com,,Content Focused (CF),"1,220,000",$0.64
,Earthquake Authority,earthquakeauthority.com,,Content Focused (CF),880,$3.32
,Inc.com,inc.com,,Content Focused (CF),-,-
,Gusto,gusto.com,,Business Focused (BF),"201,000",$8.60
,How Stuff Works,howstuffworks.com,,Content Focused (CF),"14,800",-
,LA Times,latimes.com,,Content Focused (CF),"368,000",$2.30
,Trip Advisor,tripadvisor.com,,Content Focused (CF),-,-
,Money Talk News,moneytalksnews.com,,Content Focused (CF),-,-
,U Switch,uswitch.com,,Content Focused (CF),-,-
,Think Advisor,thinkadvisor.com,,Content Focused (CF),-,-
,NY Times,nytimes.com,,Content Focused (CF),-,-
,Liberty Mutual Group,libertymutualgroup.com,,Business Focused (BF),590,$2.31
,AVVO,avvo.com,,Content Focused (CF),"33,100",$0.84
,The Knot,theknot.com,,Content Focused (CF),"550,000",$1.12
,Market Watch,marketwatch.com,,Content Focused (CF),-,-
,New Retirement,newretirement.com,,Content Focused (CF),720,$2.04
,Bigger Pockets,biggerpockets.com,,Content Focused (CF),"74,000",$2.22
,Free Clinics,freeclinics.com,,Content Focused (CF),-,-
,DMV,dmv.org,,Content Focused (CF),"2,740,000",$0.79
,Military.com,military.com,,Content Focused (CF),-,-
,Zillow,zillow.com,,Business Focused (BF),"16,600,000",$0.15
,Elder Law Answers,elderlawanswers.com,,Content Focused (CF),390,$2.75
,Manta,manta.com,,Content Focused (CF),"40,500",$3.95
,Washington Post,washingtonpost.com,,Content Focused (CF),"2,740,000",$0.15
,Incharge.org,incharge.org,,Content Focused (CF),-,-
,Answer Financial,answerfinancial.com,,Content Focused (CF),"3,600",$2.11
,White Coat Investor,whitecoatinvestor.com,,Content Focused (CF),"18,100",$4.56
,Cost Helper,costhelper.com,,Content Focused (CF),-,-
,Floir,floir.com,,Content Focused (CF),880,$2.98
,Employers.com,employers.com,,Business Focused (BF),-,-
,Medical Billing and Coding,medicalbillingandcoding.org,,Content Focused (CF),"40,500",$13.80
,Dollar Times,dollartimes.com,,Content Focused (CF),"1,900",-
,Raltin,raltin.com,,Business Focused (BF),10,-
,Benzinga,benzinga.com,,Content Focused (CF),"9,900",$4.46
,Biz Journals,bizjournals.com,,Content Focused (CF),-,-
,Dex Knows,dexknows.com,,Content Focused (CF),"4,400",$0.28
,Insurance Business Magazine,insurancebusinessmag.com,,Content Focused (CF),110,$13.73
,Student Loan Hero,studentloanhero.com,,Business Focused (BF),"2,400",$16.59
,Magnify Money,magnifymoney.com,,Content Focused (CF),-,-
,City-Data.com,city-data.com,,Content Focused (CF),-,-
,VSP Direct,vspdirect.com,,Business Focused (BF),"3,600",$1.75
,Zenefits,zenefits.com,,Business Focused (BF),"74,000",$5.71
,Bizfluent,bizfluent.com,,Content Focused (CF),320,-
,Business.com,business.com,,Content Focused (CF),-,-
,Claims Journal,claimsjournal.com,,Content Focused (CF),320,$3.17
,EmergencyDentistUSA.com,emergencydentistsusa.com,,Business Focused (BF),-,-
,HealthInsurance-Georgia.com,healthinsurance-georgia.com,,Business Focused (BF),-,-
,Lonley Planet,lonelyplanet.com,,Content Focused (CF),-,-
,The Balance Careers,thebalancecareers.com,,Content Focused (CF),"2,400",$3.20
,The College Investor,thecollegeinvestor.com,,Content Focused (CF),590,$0.73
,DB101.org,db101.org,,Content Focused (CF),-,-
,Rick Steves,ricksteves.com,,Content Focused (CF),"74,000",$1.34
,Money Saving Expert,moneysavingexpert.com,,Content Focused (CF),"1,600",$4.43
,iHealth Agents,ilhealthagents.com,,Business Focused (BF),-,-
,Fairy God Boss,fairygodboss.com,,Content Focused (CF),"1,900",$16.38
,AXA,axa.com,,Business Focused (BF),"60,500",$2.69
,Bought By Many,boughtbymany.com,,Content Focused (CF),170,-
,Nasdaq,nasdaq.com,,Content Focused (CF),"368,000",$2.90
,Live Strong,livestrong.com,,Content Focused (CF),-,-
,Here Pup,herepup.com,,Content Focused (CF),10,-
,Agent Insure,agentinsure.com,,Business Focused (BF),-,-
,Diabetes.org,diabetes.org,,Content Focused (CF),-,-
,The Street,thestreet.com,,Content Focused (CF),-,-
,The Penny Hoarder,thepennyhoarder.com,,Content Focused (CF),"9,900",$0.28
,Financial Samurai,financialsamurai.com,,Content Focused (CF),"12,100",-
,BLR,blr.com,,Business Focused (BF),"5,400",$6.90
,Honda Tech,honda-tech.com,,Content Focused (CF),"3,600",$3.82
,YouTube,youtube.com,,Content Focused (CF),"185,000,000",$0.34
,Entrepreneur,entrepreneur.com,,Content Focused (CF),"368,000",$2.41
,TIAA,tiaa.org,,Content Focused (CF),"201,000",$5.58
,Huffington Post,huffingtonpost.com,,Content Focused (CF),"2,740,000",$1.54
,Cash Money Life,cashmoneylife.com,,Content Focused (CF),10,-
,MemberBenefits.com,memberbenefits.com,,Business Focused (BF),-,-
,The Mortgage Reports,themortgagereports.com,,Content Focused (CF),"1,300",$3.57
,Michigan Auto Law,michiganautolaw.com,,Business Focused (BF),880,$25.38
,PayingForSeniorCare.com,payingforseniorcare.com,,Business Focused (BF),-,-
,Americas Professor,americasprofessor.com,,Content Focused (CF),"2,900",$0.15
,Love That Smile,lovethatsmile.com,,Business Focused (BF),10,-
,Uber,uber.com,,Business Focused (BF),"1,830,000",$1.76
,Ramjack,ramjack.com,,Business Focused (BF),"1,600",$7.37
,Zip Recruiter,ziprecruiter.com,,Business Focused (BF),-,-
,Careful Cents,carefulcents.com,,Content Focused (CF),40,-
,Ad Banker,adbanker.com,,Business Focused (BF),"14,800",$5.16
,LACarInsurance.com,lancerinsurance.com,,Business Focused (BF),-,-
,SHRM,shrm.org,,Content Focused (CF),"90,500",$0.47
,Bogle Heads,bogleheads.org,,Content Focused (CF),-,-
,The Muse,themuse.com,,Content Focused (CF),"27,100",$0.77
,Toyota Financial,toyotafinancial.com,,Business Focused (BF),"368,000",$2.92
,Neierman PM,niermanpm.com,,Business Focused (BF),-,-
,Car Shield,carshield.com,,Business Focused (BF),"33,100",$5.40
,Frugal Confessions,frugalconfessions.com,,Content Focused (CF),10,-
,Cancer.org,cancer.org,,Content Focused (CF),-,-
,American Pregnancy,americanpregnancy.org,,Content Focused (CF),390,-
,Bike Bound,bikebound.com,,Content Focused (CF),50,-
,Home Serve USA,homeserveusa.com,,Business Focused (BF),"1,300",$3.92
,Shouse Law,shouselaw.com,,Business Focused (BF),720,$6.55
,Mortgage Calculator,mortgagecalculator.org,,Content Focused (CF),"3,350,000",$1.34
,NPR,npr.org,,Content Focused (CF),"823,000",$1.58
,Money.com,money.com,,Content Focused (CF),-,-
,NeedHelpPayingBills.com,needhelppayingbills.com,,Business Focused (BF),-,-
,Fox Business,foxbusiness.com,,Content Focused (CF),"135,000",$0.97
,Lawyers.com,lawyers.com,,Business Focused (BF),-,-
,Patriots Software,patriotsoftware.com,,Business Focused (BF),-,-
,Quicken Loans,quickenloans.com,,Business Focused (BF),"301,000",$4.72
,Life Hacker,lifehacker.com,,Content Focused (CF),-,-
,Hyre Car,hyrecar.com,,Business Focused (BF),-,-
,Senior Living,seniorliving.org,,Content Focused (CF),"33,100",$3.15
,Insure Bodywork,insurebodywork.com,,Business Focused (BF),-,-
,SIIA,siia.org,,Content Focused (CF),"1,900",$1.58
,Yahoo,yahoo.com,,Content Focused (CF),"37,200,000",$2.50
,Study.com,study.com,,Business Focused (BF),-,-
,Help Insure,helpinsure.com,,Business Focused (BF),-,-
,JW Surety Bonds,jwsuretybonds.com,,Business Focused (BF),590,$7.84
,Brides.com,brides.com,,Content Focused (CF),-,-
,MCMHA,mcmha.org,,Content Focused (CF),10,-
,HR Block,hrblock.com,,Business Focused (BF),-,-
,Bank on Yourself,bankonyourself.com,,Business Focused (BF),"1,600",$3.05
,AXA Schengen,axa-schengen.com,,Business Focused (BF),320,$7.23
,Go Medi Gap,gomedigap.com,,Business Focused (BF),-,-
,RV Share,rvshare.com,,Business Focused (BF),-,-
,CheapCarInsuranceRaleighNC.com,cheapcarinsuranceraleighnc.com,,Business Focused (BF),-,-
,PetSit.com,petsit.com,,Business Focused (BF),-,-
,Nomadic Matt,nomadicmatt.com,,Content Focused (CF),"4,400",-
,Medium.com,medium.com,,Content Focused (CF),-,-
,FLDFS,fldfs.com,,Content Focused (CF),"1,300",-
,Frommers,frommers.com,,Content Focused (CF),"5,400",$1.80
,Monster.com,monster.com,,Business Focused (BF),-,-
,TX.us,tx.us,,Content Focused (CF),-,-
,KS Insurance,ksinsurance.org,,Content Focused (CF),-,-
,Money Tips,moneytips.com,,Content Focused (CF),"1,900",$3.20
,Insurance Brokers of MD,insurancebrokersofmd.com,,Business Focused (BF),10,$11.57
,World Trips,worldtrips.com,,Content Focused (CF),-,-
,My Florida Mobile Home Insurance,myfloridamobilehomeinsurance.com,,Business Focused (BF),-,-
,BusinessDictionary.com,businessdictionary.com,,Content Focused (CF),-,-
,Sun Sentinel,sun-sentinel.com,,Content Focused (CF),"135,000",$2.49
,WhatToExpect.com,whattoexpect.com,,Content Focused (CF),-,-
,I Will Teach You To Be Rich,iwillteachyoutoberich.com,,Content Focused (CF),"12,100",$7.81
,My Florida,myflorida.com,,Content Focused (CF),-,-
,The Points Guy,thepointsguy.com,,Content Focused (CF),"74,000",$4.49
,SF Chronicle,sfchronicle.com,,Content Focused (CF),"49,500",$4.84
,Washington Health Benefit Exchange,wahbexchange.org,,Content Focused (CF),480,$1.93
,Ford,ford.com,,Business Focused (BF),"1,220,000",$0.88
,My OMS,myoms.org,,Content Focused (CF),880,-
,Able Auto Insurance,ableautoinsurance.com,,Business Focused (BF),880,$11.66
,Mouth Healthy,mouthhealthy.org,,Content Focused (CF),-,-
,Securian,securian.com,,Business Focused (BF),"12,100",$1.95
,Audi USA,audiusa.com,,Business Focused (BF),"74,000",$2.61
,Mom and Dad Money,momanddadmoney.com,,Content Focused (CF),-,-
,A Place for Mom,aplaceformom.com,,Content Focused (CF),"33,100",$10.54
,eFile,efile.com,,Business Focused (BF),-,-
,Smarter Travel,smartertravel.com,,Content Focused (CF),-,-
,PBS,pbs.org,,Content Focused (CF),"301,000",$0.74
,Mile IQ,mileiq.com,,Business Focused (BF),"9,900",$3.46
,Ridester,ridester.com,,Business Focused (BF),390,$3.45
,Path 2 USA,path2usa.com,,Business Focused (BF),-,-
,Medical Billing and Coding Online,medicalbillingandcodingonline.com,,Business Focused (BF),"4,400",$24.80
,Animated-Teeth.com,animated-teeth.com,,Business Focused (BF),-,-
,LandlordInsurance.com,landlordinsurance.net,,Business Focused (BF),-,-
,Safety Insurance,safetyinsurance.com,,Business Focused (BF),"33,100",$2.89
,Enterprise,enterprise.com,,Business Focused (BF),"2,740,000",$0.63
,Maritime Insurance International,maritimeinsuranceinternational.com,,Business Focused (BF),30,-
,Payroll Center,payrollcenter.com,,Business Focused (BF),170,$3.82
,HSH,hsh.com,,Business Focused (BF),"3,600",$1.59
,Care.com,care.com,,Business Focused (BF),-,-
,Insurance Canopy,insurancecanopy.com,,Business Focused (BF),320,$15.58
,Million Mile Secrets,millionmilesecrets.com,,Content Focused (CF),"5,400",$3.05
,Better Boat,betterboat.com,,Content Focused (CF),"1,900",-
,Suze Orman,suzeorman.com,,Content Focused (CF),"33,100",$1.16
,Delta Dental,deltadentalmi.com,,Business Focused (BF),"450,000",$1.93
,Super Money,supermoney.com,,Business Focused (BF),-,-
,AZ Central,azcentral.com,,Content Focused (CF),"27,100",$2.38
,Dummies,dummies.com,,Business Focused (BF),-,-
,Bimmer Post,bimmerpost.com,,Content Focused (CF),-,-
,Investment News,investmentnews.com,,Content Focused (CF),"6,600",$3.70
,Your Health Idaho,yourhealthidaho.org,,Content Focused (CF),"6,600",$3.41
,Renters Insurance,rentersinsurance.com,,Business Focused (BF),"201,000",$16.39
,Electric Insurance,electricinsurance.com,,Business Focused (BF),"6,600",$3.74
,JDRF,jdrf.org,,Content Focused (CF),"22,200",$5.38
,Invisalign,invisalign.com,,Business Focused (BF),"368,000",$9.02
,Anytime Estimate,anytimeestimate.com,,Business Focused (BF),40,$4.33
,Berkshire Insurance Group,berkshireinsurancegroup.com,,Business Focused (BF),480,$2.92
,IAAI,iaai.com,,Business Focused (BF),"301,000",$1.08
,Saving.org,saving.org,,Content Focused (CF),-,-
,Chicago Tribune,chicagotribune.com,,Content Focused (CF),"368,000",$2.30
,Insurance Scored,insurancescored.com,,Business Focused (BF),-,-
,Stack Exchange,stackexchange.com,,Content Focused (CF),"18,100",-
,20 Something Finance,20somethingfinance.com,,Content Focused (CF),-,-
,The Wandering RV,thewanderingrv.com,,Content Focused (CF),10,-
,Fortune Magazine,fortune.com,,Content Focused (CF),"8,100",$0.62
,Medical News Today,medicalnewstoday.com,,Content Focused (CF),"9,900",$1.93
,InsuranceBrokersMN.com,insurancebrokersmn.com,,Business Focused (BF),-,-
,NJ Family Care,njfamilycare.org,,Content Focused (CF),"60,500",$2.09
,Schwed Law Firm,schwedlawfirm.com,,Business Focused (BF),170,$8.76
,SchengenVisaInfo.com,schengenvisainfo.com,,Business Focused (BF),-,-
,Florida Kid Care,floridakidcare.org,,Content Focused (CF),"14,800",$1.01
,DriversEd.com,driversed.com,,Business Focused (BF),-,-
,Resolve.org,resolve.org,,Content Focused (CF),-,-
,National MS Society,nationalmssociety.org,,Content Focused (CF),"5,400",$2.35
,Flash.org,flash.org,,Business Focused (BF),-,-
,Trust Pilot,trustpilot.com,,Content Focused (CF),"9,900",$7.89
,Med Pro,medpro.com,,Business Focused (BF),-,-
,Tim Shaw,timshaw.com,,Business Focused (BF),"2,400",-
,Jewelers Mutual,jewelersmutual.com,,Business Focused (BF),"27,100",$0.27
,Seniors Resource Guide,seniorsresourceguide.com,,Content Focused (CF),-,-
,Wise Insurance Group,wiseinsurancegroup.com,,Business Focused (BF),10,-
,Pure Insurance,pureinsurance.com,,Business Focused (BF),"9,900",$5.00
,BestRateAlabama.com,bestratealabama.com,,Business Focused (BF),-,-
,InstantQuoteLifeInsurance.com,instantquotelifeinsurance.com,,Business Focused (BF),-,-
,Delta Dental,deltadentalaz.com,,Business Focused (BF),"450,000",$1.93
,All Risk,allrisk.com,,Business Focused (BF),"2,400",$2.81
,Be Well NM,bewellnm.com,,Business Focused (BF),-,-
,VP Dental,vpdental.com,,Business Focused (BF),140,$3.46
,Business Insiders,businessinsider.com,,Content Focused (CF),-,-
,AJC,ajc.com,,Content Focused (CF),"301,000",$1.43
,Piston Heads,pistonheads.com,,Business Focused (BF),-,-
,Biz Move,bizmove.com,,Content Focused (CF),-,-
,Standord,stanford.edu,,Content Focused (CF),-,-
,Rental Cover,rentalcover.com,,Business Focused (BF),-,-
,Heritage PCI,heritagepci.com,,Business Focused (BF),10,-
,Dog Bite Law,dogbitelaw.com,,Business Focused (BF),-,-
,NYCM,nycm.com,,Business Focused (BF),"9,900",$6.99
,CheapCarInsuranceFortWorthTX.com,cheapcarinsuranceinfortworthtx.com,,Business Focused (BF),-,-
,The Silver Lining,thesilverlining.com,,Business Focused (BF),"1,900",$6.64
,Leap Life,leaplife.com,,Business Focused (BF),210,$7.38
,MBFS,mbfs.com,,Business Focused (BF),"12,100",$1.30
,Aging.com,aging.com,,Content Focused (CF),-,-
,FloridaFR44Insurance.net,floridafr44insurance.net,,Business Focused (BF),-,-
,AETA,aetnadentaloffers.com,,Business Focused (BF),"3,600",-
,Sure Bridge Insurance,surebridgeinsurance.com,,Business Focused (BF),10,$4.76
,Mometrix,mometrix.com,,Business Focused (BF),"4,400",$0.05
,Hig Texas,higtexas.com,,Business Focused (BF),-,-
,Family Wize,familywize.org,,Business Focused (BF),-,-
,Hiles McLeod,hilesmcleod.com,,Business Focused (BF),10,-
,Denver Post,denverpost.com,,Content Focused (CF),"135,000",$3.99
,Vice.com,vice.com,,Content Focused (CF),-,-
,Bank Bazaar,bankbazaar.com,,Business Focused (BF),260,$2.48
,Legal Match,legalmatch.com,,Business Focused (BF),"2,400",$3.91
,Healthline,healthline.com,,Content Focused (CF),"18,100",$1.28
,Providence.org,providence.org,,Business Focused (BF),-,-
,HealthCoverageFast.com,healthcoveragefast.com,,Business Focused (BF),-,-
,NACAMS,nacams.org,,Business Focused (BF),-,-
,Car Brain,carbrain.com,,Business Focused (BF),"1,300",$2.42
,Medicare FAQ,medicarefaq.com,,Business Focused (BF),590,$3.88
,Breath Easy Insurance,breatheeasyins.com,,Business Focused (BF),110,$8.99
,Crains Detroit,crainsdetroit.com,,Content Focused (CF),"12,100",$4.18
,Home Buying Institute,homebuyinginstitute.com,,Business Focused (BF),10,$7.78
,Pet Sit LLC,petsitllc.com,,Business Focused (BF),-,-
,Colonial Trucking Insurance,colonialtruckinginsurance.com,,Business Focused (BF),30,$6.51
,Total Protect,totalprotect.com,,Business Focused (BF),"3,600",$5.99
,Affordiance Insurance of Ajax,affordableinsuranceofjax.com,,Business Focused (BF),-,-
,Afford Ins NC,affordinsnc.com,,Business Focused (BF),-,-
,Bully Paws,bullypaws.org,,Business Focused (BF),320,$2.91
,KC Life,kclife.com,,Business Focused (BF),320,$9.19
,Title Parners of South Florida,titlepartnersofsofl.com,,Business Focused (BF),-,-
,McGriff Williams,mcgriffwilliams.com,,Business Focused (BF),110,-
,Car Chex,carchex.com,,Business Focused (BF),-,-
,Full Service Title,fullservicetitle.com,,Business Focused (BF),40,-
,We Do Autos,wedoautos.com,,Business Focused (BF),-,-
,Encyclopedia.com,encyclopedia.com,,Content Focused (CF),-,-
,eTags,etags.com,,Business Focused (BF),-,-
,Local.com,local.com,,Content Focused (CF),-,-
,Out of Your Rut,outofyourrut.com,,Business Focused (BF),-,-
,HG.org,hg.org,,Content Focused (CF),-,-
,Trip Savvy,tripsavvy.com,,Content Focused (CF),-,-
,Humain Interest,humaninterest.com,,Business Focused (BF),-,-
,March of Dimes,marchofdimes.org,,Content Focused (CF),"33,100",$4.05
,HWA Home Warranty,hwahomewarranty.com,,Business Focused (BF),"4,400",$7.46
,Dolman Law,dolmanlaw.com,,Business Focused (BF),110,$14.06
,LifeInsuranceForSmokers.com,lifeinsuranceforsmokers.com,,Business Focused (BF),-,-
,SHIP Center,shiptacenter.org,,Business Focused (BF),390,$2.66
,Blue Cross Blue Shield,arkansasbluecross.com,,Business Focused (BF),"823,000",$3.10
,Ambest,ambest.com,,Business Focused (BF),-,-
,Blue Cross Blue Shield,sigbcs.com,,Business Focused (BF),"823,000",$3.10
,Bradenton Insurance,bradentoninsurance.com,,Business Focused (BF),260,$8.27
,Auto Auction Mall,autoauctionmall.com,,Business Focused (BF),"5,400",$0.22
, IndependentHealth.com,independenthealth.com,,Business Focused (BF),-,-
,Bright peak Financial,brightpeakfinancial.com,,Business Focused (BF),10,-
,Insurance Brokers Group,insurancebrokersgroup.com,,Business Focused (BF),10,$6.94
,Cancer.net,cancer.net,,Content Focused (CF),-,-
,Live Covered,livecovered.com,,Business Focused (BF),-,-
,TexLife,texlife.com,,Business Focused (BF),-,-
,NSRE,nsre.com,,Business Focused (BF),260,-
,FHA.com,fha.com,,Business Focused (BF),-,-
,El Paso Low Cost,elpasolowcost.com,,Business Focused (BF),10,$6.60
,Bariatric Surgery Source,bariatric-surgery-source.com,,Content Focused (CF),10,$6.41
,Waterhouse and Associates,waterhouseandassociates.com,,Business Focused (BF),320,$5.08
,PlasticSurgery.org,plasticsurgery.org,,Content Focused (CF),-,-
,My Kramer law Firm,mykramerlawfirm.com,,Business Focused (BF),20,-
,Simply Hired,simplyhired.com,,Business Focused (BF),"165,000",$2.15
,Health Affiars,healthaffairs.org,,Business Focused (BF),-,-
,Biz Filings,bizfilings.com,,Business Focused (BF),-,-
,Cruise Critic,cruisecritic.com,,Content Focused (CF),"110,000",$1.59
,Camper Report,camperreport.com,,Content Focused (CF),480,-
,Il.us,il.us,,Content Focused (CF),-,-
,Access Health CT,accesshealthct.com,,Content Focused (CF),"22,200",$1.40
,Blue Cross Blue Shield,bluekc.com,,Business Focused (BF),"823,000",$3.10
,SPF Insurance,spfinsurance.com,,Business Focused (BF),10,-
,Nami.org,nami.org,,Content Focused (CF),-,-
,AMP Insure,ampminsure.org,,Content Focused (CF),-,-
,Real Car Tips,realcartips.com,,Content Focused (CF),720,$2.24
,Blue Cross Blue Shield,nebraskablue.com,,Business Focused (BF),"823,000",$3.10
,CheapCarInsuranceMemphisTN.com,cheapcarinsurancememphistn.com,,Business Focused (BF),-,-
,GA-Health-Insurance.com,ga-health-insurance.com,,Business Focused (BF),-,-
,Archibald Insurance,archibald-insurance.com,,Business Focused (BF),590,$11.74
,Chase,chase.com,,Business Focused (BF),"6,120,000",$0.96
,Dog Bite Quote,dogbitequote.com,,Business Focused (BF),-,-
,Anchor Marine Insurance,anchormarineinsurance.com,,Business Focused (BF),110,$7.29
,Freddie Mac,freddiemac.com,,Business Focused (BF),"33,100",$2.35
,Lexus Financial,lexusfinancial.com,,Business Focused (BF),"49,500",$3.77
,AMA Insure,amainsure.com,,Business Focused (BF),-,-
,McGee Thielen,mcgeethielen.com,,Business Focused (BF),-,-
,Experian,experian.com,,Business Focused (BF),"1,000,000",$3.61
,FI Guide,figuide.com,,Business Focused (BF),-,-
,Too Many Adapters,toomanyadapters.com,,Business Focused (BF),170,-
,Michigan Basic Property Insurance Association,mbpia.com,,Business Focused (BF),110,$3.42
,SouthFloridaPersonalInjuryLawyers.com,southfloridapersonalinjurylawyers.com,,Business Focused (BF),-,-
,Insuring Your For Less,insuringyouforless.com,,Business Focused (BF),-,-
,American Auto Insurance Gainesville FL,americanautoinsurancegainesvillefl.com,,Business Focused (BF),10,$15.05
,Benard health,bernardhealth.com,,Business Focused (BF),-,-
,FL.us,fl.us,,Content Focused (CF),-,-
,Every Buck Counts,everybuckcounts.com,,Content Focused (CF),70,-
,MN.us,mn.us,,Content Focused (CF),-,-
,Join Root,joinroot.com,,Business Focused (BF),-,-
,CheapCarInsuranceDallasTX.com,cheapcarinsurancedallastx.com,,Business Focused (BF),-,-
,NEA Member Benefits,neamb.com,,Business Focused (BF),"3,600",$0.62
,Everyday Health,everydayhealth.com,,Content Focused (CF),"4,400",$1.32
,Budget Auto Quote,budgetautoquote.com,,Business Focused (BF),20,-
,Affordable Insurance Group,affordableinsgrp.com,,Business Focused (BF),140,$8.22
,Resident Shield,residentshield.com,,Business Focused (BF),"5,400",$6.74
,All Business,allbusiness.com,,Business Focused (BF),590,$2.51
,AFC Insurance,afcins.com,,Business Focused (BF),140,$4.58
,Pet Life Today,petlifetoday.com,,Content Focused (CF),110,$0.80
,Knoxville Insurance Group,knoxvilleinsurancegroup.com,,Business Focused (BF),90,$14.38
,Farmers Insurance,farmershawaii.com,,Business Focused (BF),"450,000",$6.71
,UPMC,upmc.com,,Business Focused (BF),"60,500",$2.50
,Sunshine Health,sunshinehealth.com,,Business Focused (BF),"33,100",$2.31
,Visitor Guard,visitorguard.com,,Business Focused (BF),10,$2.56
,Safewise,safewise.com,,Business Focused (BF),720,-
,JP Perry,jpperry.com,,Business Focused (BF),110,-
,Velosurance,velosurance.com,,Business Focused (BF),720,$3.61
,DC Health Link,dchealthlink.com,,Content Focused (CF),"12,100",$8.60
,Feds Protection,fedsprotection.com,,Business Focused (BF),210,$2.97
,Delta Dental,deltadentalco.com,,Business Focused (BF),"450,000",$1.93
,Harvey Quotes,harveyquotes.com,,Business Focused (BF),210,-
,ARRC,arrc.net,,Business Focused (BF),"1,900",$3.54
,Schultheis Insurance,schultheis-ins.com,,Business Focused (BF),390,$12.40
,SE Financial,sefinancial.com,,Business Focused (BF),320,$0.69
,Event Insurance Now,eventinsurancenow.com,,Business Focused (BF),90,$5.75
,SMC Health,smchealth.org,,Business Focused (BF),110,-
,Ask Mid,askmid.com,,Business Focused (BF),-,-
,Mercendes Benz,mercedes-benz.co.uk,,Business Focused (BF),-,-
,Health IG,healthiq.com,,Content Focused (CF),-,-
,ADAA,adaa.org,,Content Focused (CF),"4,400",$5.41
,AirBnB,airbnb.com,,Business Focused (BF),"9,140,000",$8.10
,Tax Act,taxact.com,,Business Focused (BF),-,-
,The Top Tens,thetoptens.com,,Content Focused (CF),"1,900",-
,Economical,economical.com,,Content Focused (CF),"14,800",$3.56
,SSDRC,ssdrc.com,,Content Focused (CF),110,-
,Justia,justia.com,,Content Focused (CF),"8,100",$0.88
,Class Codes,classcodes.com,,Business Focused (BF),-,-
,Audi-Sport.net,audi-sport.net,,Content Focused (CF),-,-
,Quote.com,quote.com,,Business Focused (BF),-,-
,LAInsurance.net,lainsurance.net,,Business Focused (BF),-,-
,RD.com,rd.com,,Content Focused (CF),-,-
,UPMC Health Plan,upmchealthplan.com,,Business Focused (BF),"33,100",$6.58
,CivicCX.com,civicx.com,,Content Focused (CF),-,-
,Priviate Market Flood,privatemarketflood.com,,Business Focused (BF),-,-
,Salzberg Insurance,salzberginsurance.com,,Business Focused (BF),140,$8.73
,Gardland Insurance FL,garlandinsurancefl.com,,Business Focused (BF),-,-
,Vera City Insurance,veracityinsurance.com,,Business Focused (BF),-,-
,PHLP,phlp.org,,Content Focused (CF),140,$23.81
,CheapInsuranceTX.com,cheapcarinsurancetx.com,,Business Focused (BF),-,-
,AmericanProfessional.com,americanprofessional.com,,Business Focused (BF),-,-
,Business.org,business.org,,Content Focused (CF),-,-
,NITIC Nation Independent Truckers Insurance Company,truckinsurancenitic.com,,Business Focused (BF),-,-
,Sentry.com,sentry.com,,Business Focused (BF),-,-
,Inspector Pro Insurance,inspectorproinsurance.com,,Business Focused (BF),170,$3.88
,Nomad Gate,nomadgate.com,,Business Focused (BF),10,-
,Pro Profs,proprofs.com,,Business Focused (BF),-,-
,Delta Dental,deltadentaloh.com,,Business Focused (BF),"450,000",$1.93
,Anidjar Levine,anidjarlevine.com,,Business Focused (BF),-,-
,InsuranceForNonProfits.org,insurancefornonprofits.org,,Content Focused (CF),-,-
,ClassicTruckInsurance.com,classictruckinsurance.com,,Business Focused (BF),-,-
,Illinois Mutual,illinoismutual.com,,Business Focused (BF),"1,600",$4.16
,CheapCarInsuranceElPasoTX.com,cheapcarinsuranceelpasotx.com,,Business Focused (BF),-,-
,Broadway-Ins.com,broadway-ins.com,,Business Focused (BF),-,-
,BMW USA,bmwusa.com,,Business Focused (BF),"135,000",$22.69
,Pipespy,pipespy.com,,Business Focused (BF),-,-
,AOPA,aopa.org,,Business Focused (BF),"22,200",$1.55
,CFA Institute,cfainstitute.org,,Business Focused (BF),"27,100",$13.32
,AffordableInsuranceSC.com,affordableinsurancesc.com,,Business Focused (BF),-,-
,PA.gov,pa.gov,,Business Focused (BF),-,-
,MD Save,mdsave.com,,Business Focused (BF),-,-
,New Era Life,neweralife.com,,Business Focused (BF),-,-
,Accerlerated Insurance,aaccelerated.com,,Business Focused (BF),-,-
,Harlan Insurance,harlaninsurance.com,,Business Focused (BF),140,$8.67
,Pagel Insurance,pagelasc.com,,Business Focused (BF),10,$5.77
,AutoInsuranceFayettevilleNC.com,autoinsurancefayettevillenc.com,,Business Focused (BF),-,-
,Good Sam ESP,goodsamesp.com,,Business Focused (BF),260,$53.93
,Kelly Blue Book,kbb.com,,Business Focused (BF),-,-
,Seattle Times,seattletimes.com,,Content Focused (CF),"368,000",$2.39
,Metafilter,metafilter.com,,Business Focused (BF),"9,900",-
,Insure On The Spot,insureonthespot.com,,Business Focused (BF),"14,800",$7.72
,Miami Herald,miamiherald.com,,Content Focused (CF),"135,000",$0.93
,MichiganRadio.org,michiganradio.org,,Business Focused (BF),-,-
,Annette Willis Insurance,annettewillisinsurance.com,,Business Focused (BF),140,$8.76
,ReviewHomeWarranties.com,reviewhomewarranties.com,,Business Focused (BF),-,-
,Career Trend,careertrend.com,,Content Focused (CF),-,-
,The Denver Channel,thedenverchannel.com,,Content Focused (CF),-,-
,Sundance Insurance,sundanceinsurance.com,,Business Focused (BF),50,$8.06
,News 9,news9.com,,Content Focused (CF),"90,500",$0.85
,Oral B,oralb.com,,Business Focused (BF),"22,200",$0.60
,Amica,amica.com,,Business Focused (BF),"90,500",$11.17
,Tennessean.com,tennessean.com,,Content Focused (CF),-,-
,Kanopy Insurance,kanopyinsurance.com,,Business Focused (BF),210,$8.28
,Health-Plan-Compare.com,health-plan-compare.com,,Business Focused (BF),-,-
,East Insurance Group,eastinsurancegroup.com,,Business Focused (BF),-,-
,AlaskaUSA.org,alaskausa.org,,Content Focused (CF),-,-
,Health.com,health.com,,Content Focused (CF),-,-
,Murray Group,murraygrp.com,,Business Focused (BF),260,-
,AAFMAA,aafmaa.com,,Business Focused (BF),"3,600",$3.15
,The Globe and Mail,theglobeandmail.com,,Business Focused (BF),-,-
,Strong Tie Insurance,strongtieinsurance.com,,Business Focused (BF),"1,900",$3.98
,JDSURPA,jdsupra.com,,Business Focused (BF),-,-
,Rider.com,rider.com,,Business Focused (BF),-,-
,Life Insurance Hub,lifeinsurancehub.net,,Business Focused (BF),40,$11.56
,Cover AZ,coveraz.org,,Content Focused (CF),-,-
,St George Smiles,stgeorgesmiles.com,,Business Focused (BF),-,-
,Mitchell and Mitchell,mitchellandmitchell.com,,Business Focused (BF),320,$5.42
,Sled Insure,sledinsure.com,,Business Focused (BF),10,$15.39
,TrueCostOfHealthCare.org,truecostofhealthcare.org,,Content Focused (CF),-,-
,Texas Plans,texasplans.com,,Business Focused (BF),-,-
,Sharp health Plan,sharphealthplan.com,,Business Focused (BF),"4,400",$3.92
,Sadler Sports,sadlersports.com,,Business Focused (BF),110,$2.52
,FM Insurance,fmins.com,,Business Focused (BF),260,$7.48
,Montana Health Answers,montanahealthanswers.com,,Content Focused (CF),50,-
,Great American Insurance Group,greatamericaninsurancegroup.com,,Business Focused (BF),"3,600",$2.39
,HG Law,hq-law.com,,Business Focused (BF),10,-
,BuyColoradoInsurance.com,buycoloradoinsurance.com,,Business Focused (BF),-,-
,FeeFo,feefo.com,,Business Focused (BF),"1,000",$3.80
,MDA Programs,mdaprograms.com,,Business Focused (BF),-,-
,VirginiaHealthInsuranceQuotes.com,virginiahealthinsurancequotes.com,,Business Focused (BF),-,-
,Wagner Insurance,wagnerinsurance.com,,Business Focused (BF),590,$8.38
,Summit Greensboro,summitgreensboro.com,,Business Focused (BF),-,-
,Alins Agency,alinsagency.com,,Business Focused (BF),-,-
,OC Register,ocregister.com,,Business Focused (BF),"90,500",$1.20
,Jason Schultz PC,jasonschultzpc.com,,Business Focused (BF),-,-
,Hettler Insurance,hettlerinsurance.com,,Business Focused (BF),170,$8.42
,Roane Insurance,roaneinsurance.com,,Business Focused (BF),140,$9.92
,Westfield Insurance,westfieldinsurance.com,,Business Focused (BF),"18,100",$2.55
,EII Pro,eiipro.com,,Business Focused (BF),-,-
,CheapInsuranceBirminghamAL.com,cheapcarinsurancebirminghamal.com,,Business Focused (BF),-,-
,Prestige Insurance Group,prestigeinsurancegrp.com,,Business Focused (BF),10,$5.46
,KCL Group Benefits,kclgroupbenefits.com,,Business Focused (BF),110,-
,Healthy Hearing,healthyhearing.com,,Business Focused (BF),480,$2.94
,Coach-Net.com,coach-net.com,,Business Focused (BF),-,-
,Florida AWC,floridawc.com,,Business Focused (BF),-,-
,DMV Nevada,dmvnv.com,,Content Focused (CF),-,-
,Maga Insurance,magasinsurance.com,,Business Focused (BF),10,$3.86
,Medela,medelabreastfeedingus.com,,Business Focused (BF),"27,100",$0.95
,My Christian Care,mychristiancare.org,,Content Focused (CF),720,$3.63
,Retail Me Not,retailmenot.com,,Business Focused (BF),"201,000",$0.17
,HMF USA,hmfusa.com,,Business Focused (BF),-,-
,Crawford Auto Insurance,crawfordautoinsurance.com,,Business Focused (BF),10,$14.83
,Flagstaff Insurance,flagstaffins.com,,Business Focused (BF),140,$9.67
,Wirefly,wirefly.com,,Business Focused (BF),"2,400",$1.65
,Medliminal,medliminal.com,,Business Focused (BF),390,-
,Meldon Law,meldonlaw.com,,Business Focused (BF),260,$20.16
,Jalopnik,jalopnik.com,,Content Focused (CF),"165,000",-
,Orlando Sentinel,orlandosentinel.com,,Business Focused (BF),"74,000",$4.14
,CBS Local,cbslocal.com,,Content Focused (CF),"2,400",$0.91
,University of Michigan,umich.edu,,Content Focused (CF),"246,000",$3.34
,India Times,indiatimes.com,,Content Focused (CF),-,-
,Smart Shop Your Car Insurance,smartshopyourcarinsurance.com,,Business Focused (BF),-,-
,Your Mechanic,yourmechanic.com,,Business Focused (BF),-,-
,Coventry Direct,coventrydirect.com,,Business Focused (BF),"4,400",$43.00
,RentalCars.com,rentalcars.com,,Business Focused (BF),-,-
,Surety Bonds,suretybonds.com,,Business Focused (BF),-,-
,Sav-On,sav-on.com,,Business Focused (BF),-,-
,FloridaFloodInsurance.org,floridafloodinsurance.org,,Content Focused (CF),-,-
,FullCoverageAutoInsurances.com,fullcoverageautoinsurances.com,,Business Focused (BF),-,-
,AMW Insurance,amwins.com,,Business Focused (BF),10,-
,Economic Times,economictimes.com,,Content Focused (CF),"49,500",$2.02
,My Childrens Teeth,mychildrensteeth.org,,Content Focused (CF),-,-
,Boat Ed,boat-ed.com,,Business Focused (BF),"8,100",$2.16
,CT Lowndes,ctlowndes.com,,Business Focused (BF),390,-
,A Gordon,agordon.com,,Business Focused (BF),110,-
,HPM Insurance,hpminsurance.com,,Business Focused (BF),210,$7.29
,Flood Smart,floodsmart.com,,Business Focused (BF),-,-
,Ho6 Insurance,ho6insurance.com,,Business Focused (BF),"3,600",$11.42
,Benefit News,benefitnews.com,,Content Focused (CF),170,-
,Sports Cover Direct,sportscoverdirect.com,,Business Focused (BF),50,-
,e90 Post,e90post.com,,Business Focused (BF),-,-
,VW Gould Agency,vwgouldagency.com,,Business Focused (BF),110,-
,Blue Cross Blue Shield,bcbsmt.com,,Business Focused (BF),"823,000",$3.10
,News On 6,newson6.com,,Content Focused (CF),"110,000",$0.83
,Aliera Healthcare,alierahealthcare.com,,Business Focused (BF),"12,100",$2.62
,Mass Real Estate Law Blog,massrealestatelawblog.com,,Content Focused (CF),50,-
,CheapCarInsuranceSacramento.com,cheapcarinsurancesacremento.com,,Business Focused (BF),-,-
,KW Insurance,kwinsurance.com,,Business Focused (BF),110,$13.25
,Mountain Insurance,mountaininsurance.com,,Business Focused (BF),320,$7.90
,Veterans Auto Insurance,veteransautoinsurance.com,,Business Focused (BF),-,-
,Buckeye Health Plan,buckeyehealthplan.com,,Business Focused (BF),"9,900",$2.35
,Delta Dental,deltadentalwi.com,,Business Focused (BF),"450,000",$1.93
,Cancer Support Community,cancersupportcommunity.org,,Content Focused (CF),"3,600",$6.34
,Edward Jones,edwardjones.com,,Business Focused (BF),"450,000",$4.78
,NY.gov,ny.gov,,Content Focused (CF),-,-
,APA.org,apa.org,,Content Focused (CF),-,-
,Surety Solutions,suretysolutions.com,,Business Focused (BF),320,$7.88
,IPS Agency,ipsagency.com,,Business Focused (BF),-,-
,GEBA,geba.com,,Business Focused (BF),880,$7.12
,eSureMe,esurme.com,,Business Focused (BF),-,-
,Quotit,quotit.com,,Business Focused (BF),880,$11.49
,Blue Cross Blue Shield,bcbswy.com,,Business Focused (BF),"823,000",$3.10
,Visionary Eye Care,visionarynd.com,,Business Focused (BF),"2,400",$6.21
,Americas Best,americasbest.com,,Business Focused (BF),-,-
,RVer Insurance,rverinsurance.com,,Business Focused (BF),20,$13.55
,Able Insurance Agecy,ableinsurance.net,,Business Focused (BF),-,-
,Rio Grande Insurance,riograndeins.com,,Business Focused (BF),170,$12.87
,My Florida SR 22,myfloridasr22.com,,Business Focused (BF),-,-
,Budget.com,budget.com,,Business Focused (BF),-,-
,Texas Childrens Health Plan,texaschildrenshealthplan.org,,Content Focused (CF),-,-
,Thomas & Associates,healthinsurancethomas.com,,Business Focused (BF),480,$3.00
,Poinsett General,poinsettgeneral.com,,Business Focused (BF),10,-
,Palmetto Choice,palmettochoice.com,,Business Focused (BF),-,-
,Copart USA,copart.com,,Business Focused (BF),"3,600",$0.34
,San Francisco Health Plan,sfhp.org,,Content Focused (CF),"2,900",$3.90
,Miller Public Adjusters,millerpublicadjusters.com,,Business Focused (BF),10,$5.04
,Title Zoom,titlezoom.com,,Business Focused (BF),10,-
,Auto Insurance Express,autoinsuranceexpress.com,,Business Focused (BF),480,$23.99
,Cosmet Assure,cosmetassure.com,,Business Focused (BF),-,-
,Go Auto Insurance,goautoinsurance.com,,Business Focused (BF),"22,200",$8.09
,ABMP,abmp.com,,Business Focused (BF),"9,900",$1.19
,AcuraIns.com,acurains.com,,Business Focused (BF),-,-
,UTICA national,uticanational.com,,Business Focused (BF),"2,900",$2.27
,Hoala Dental,hoaladental.com,,Business Focused (BF),10,$17.06
,Stanger Insurance,stangerinsurance.com,,Business Focused (BF),320,$7.52
,BISI Hawaii,bisihawaii.com,,Business Focused (BF),-,-
,Detail King,detailking.com,,Business Focused (BF),"6,600",$1.20
,Chesapeake Plus,chesapeakeplus.com,,Business Focused (BF),210,$2.81
,English Bulldog Insurance,englishbulldoginsurance.com,,Business Focused (BF),10,$3.66
,ML Insurance,mlinsurance.net,,Business Focused (BF),10,$16.47
,Cayias,cayias.com,,Business Focused (BF),-,-
,Bry insurance,bryainsurance.com,,Business Focused (BF),-,-